Mes_Entrada,ID,Setor,Status,Cargo,Motivo_Saida
2025-01,Colaborador_4269,Pique (Esforço),Ativo,Rep 1,
2025-01,Colaborador_1579,Pique (Esforço),Ativo,Rep 1,
2025-01,Colaborador_3580,Pique (Esforço),Ativo,Rep 1,
2025-01,Colaborador_5961,Pique (Esforço),Ativo,Rep 1,
2025-01,Colaborador_8486,Pique (Esforço),Desligado,Rep 1,Falta de Adaptação
2025-01,Colaborador_2709,Packing Resagos,Ativo,Rep 2 (Talento),
2025-01,Colaborador_7433,Recebimento,Ativo,Rep 1,
2025-01,Colaborador_6583,Pique (Esforço),Ativo,Rep 2 (Talento),
2025-01,Colaborador_6217,Recebimento,Ativo,Rep 1,
2025-01,Colaborador_8540,Expedição,Ativo,Rep 1,
2025-01,Colaborador_3919,Recebimento,Ativo,Rep 1,
2025-01,Colaborador_6863,Pique (Esforço),Ativo,Rep 1,
2025-01,Colaborador_8376,Expedição,Ativo,Rep 1,
2025-01,Colaborador_1761,Pique (Esforço),Ativo,Rep 1,
2025-01,Colaborador_4998,Pique (Esforço),Ativo,Rep 1,
2025-01,Colaborador_1206,Pique (Esforço),Ativo,Rep 2 (Talento),
2025-01,Colaborador_2623,Packing Resagos,Ativo,Rep 1,
2025-01,Colaborador_6006,Pique (Esforço),Desligado,Rep 1,Proposta Melhor
2025-01,Colaborador_2557,Pique (Esforço),Desligado,Rep 1,Baixo Desempenho
2025-01,Colaborador_1294,Packing Resagos,Ativo,Rep 1,
2025-01,Colaborador_6454,Recebimento,Ativo,Rep 1,
2025-01,Colaborador_5076,Expedição,Ativo,Rep 2 (Talento),
2025-01,Colaborador_9103,Packing Resagos,Ativo,Rep 1,
2025-01,Colaborador_2279,Packing Resagos,Ativo,Rep 1,
2025-01,Colaborador_6393,Pique (Esforço),Ativo,Rep 1,
2025-01,Colaborador_2747,Recebimento,Ativo,Rep 1,
2025-01,Colaborador_7661,Packing Resagos,Ativo,Rep 2 (Talento),
2025-01,Colaborador_9802,Pique (Esforço),Desligado,Rep 1,Carga Horária
2025-01,Colaborador_7527,Pique (Esforço),Ativo,Rep 1,
2025-01,Colaborador_3135,Pique (Esforço),Desligado,Rep 1,Baixo Desempenho
2025-01,Colaborador_8042,Packing Resagos,Ativo,Rep 1,
2025-01,Colaborador_8810,Recebimento,Ativo,Rep 1,
2025-01,Colaborador_6779,Packing Resagos,Ativo,Rep 1,
2025-01,Colaborador_6235,Pique (Esforço),Ativo,Rep 1,
2025-01,Colaborador_9280,Packing Resagos,Ativo,Rep 1,
2025-01,Colaborador_1053,Pique (Esforço),Desligado,Rep 1,Carga Horária
2025-01,Colaborador_4999,Packing Resagos,Ativo,Rep 1,
2025-01,Colaborador_6096,Packing Resagos,Ativo,Rep 2 (Talento),
2025-01,Colaborador_7110,Packing Resagos,Ativo,Rep 1,
2025-01,Colaborador_9344,Packing Resagos,Ativo,Rep 1,
2025-01,Colaborador_6373,Recebimento,Ativo,Rep 1,
2025-01,Colaborador_2183,Pique (Esforço),Desligado,Rep 1,Proposta Melhor
2025-01,Colaborador_4379,Pique (Esforço),Ativo,Rep 1,
2025-01,Colaborador_4855,Expedição,Ativo,Rep 2 (Talento),
2025-01,Colaborador_8404,Packing Resagos,Ativo,Rep 1,
2025-01,Colaborador_6754,Packing Resagos,Ativo,Rep 1,
2025-01,Colaborador_6434,Pique (Esforço),Ativo,Rep 2 (Talento),
2025-01,Colaborador_6600,Recebimento,Ativo,Rep 1,
2025-01,Colaborador_1633,Recebimento,Ativo,Rep 2 (Talento),
2025-01,Colaborador_3696,Packing Resagos,Ativo,Rep 1,
2025-01,Colaborador_3321,Pique (Esforço),Ativo,Rep 1,
2025-01,Colaborador_1870,Packing Resagos,Ativo,Rep 1,
2025-01,Colaborador_8879,Expedição,Ativo,Rep 1,
2025-01,Colaborador_2036,Pique (Esforço),Ativo,Rep 1,
2025-01,Colaborador_9444,Pique (Esforço),Ativo,Rep 1,
2025-01,Colaborador_9303,Recebimento,Ativo,Rep 1,
2025-01,Colaborador_7058,Pique (Esforço),Ativo,Rep 1,
2025-01,Colaborador_7276,Recebimento,Ativo,Rep 1,
2025-01,Colaborador_5325,Packing Resagos,Ativo,Rep 2 (Talento),
2025-01,Colaborador_2713,Packing Resagos,Ativo,Rep 1,
2025-01,Colaborador_7121,Recebimento,Ativo,Rep 1,
2025-01,Colaborador_7688,Pique (Esforço),Ativo,Rep 1,
2025-01,Colaborador_8693,Packing Resagos,Ativo,Rep 1,
2025-01,Colaborador_3410,Packing Resagos,Ativo,Rep 1,
2025-01,Colaborador_9635,Packing Resagos,Ativo,Rep 1,
2025-01,Colaborador_8488,Pique (Esforço),Desligado,Rep 1,Baixo Desempenho
2025-01,Colaborador_1897,Expedição,Desligado,Rep 1,Baixo Desempenho
2025-01,Colaborador_4984,Recebimento,Ativo,Rep 1,
2025-01,Colaborador_8879,Pique (Esforço),Ativo,Rep 1,
2025-01,Colaborador_6115,Pique (Esforço),Ativo,Rep 2 (Talento),
2025-01,Colaborador_8499,Packing Resagos,Ativo,Rep 1,
2025-01,Colaborador_9343,Packing Resagos,Desligado,Rep 1,Falta de Adaptação
2025-01,Colaborador_7353,Pique (Esforço),Desligado,Rep 1,Carga Horária
2025-01,Colaborador_7752,Pique (Esforço),Ativo,Rep 1,
2025-01,Colaborador_8778,Pique (Esforço),Ativo,Rep 2 (Talento),
2025-01,Colaborador_5629,Pique (Esforço),Ativo,Rep 1,
2025-01,Colaborador_1057,Recebimento,Ativo,Rep 1,
2025-01,Colaborador_6473,Pique (Esforço),Desligado,Rep 1,Proposta Melhor
2025-01,Colaborador_7053,Expedição,Ativo,Rep 1,
2025-01,Colaborador_3731,Packing Resagos,Ativo,Rep 1,
2025-01,Colaborador_3461,Packing Resagos,Ativo,Rep 1,
2025-01,Colaborador_6418,Recebimento,Ativo,Rep 1,
2025-01,Colaborador_1339,Packing Resagos,Ativo,Rep 1,
2025-01,Colaborador_6598,Packing Resagos,Ativo,Rep 1,
2025-01,Colaborador_5980,Packing Resagos,Ativo,Rep 1,
2025-01,Colaborador_7034,Pique (Esforço),Ativo,Rep 1,
2025-01,Colaborador_7068,Packing Resagos,Ativo,Rep 1,
2025-01,Colaborador_1524,Pique (Esforço),Desligado,Rep 1,Carga Horária
2025-01,Colaborador_6933,Pique (Esforço),Desligado,Rep 1,Baixo Desempenho
2025-01,Colaborador_2488,Pique (Esforço),Ativo,Rep 1,
2025-01,Colaborador_6745,Pique (Esforço),Desligado,Rep 1,Baixo Desempenho
2025-01,Colaborador_6716,Packing Resagos,Ativo,Rep 2 (Talento),
2025-01,Colaborador_1547,Expedição,Ativo,Rep 1,
2025-01,Colaborador_7066,Recebimento,Ativo,Rep 2 (Talento),
2025-01,Colaborador_6756,Packing Resagos,Ativo,Rep 1,
2025-01,Colaborador_5798,Recebimento,Ativo,Rep 2 (Talento),
2025-01,Colaborador_7781,Pique (Esforço),Ativo,Rep 1,
2025-01,Colaborador_3893,Recebimento,Ativo,Rep 1,
2025-01,Colaborador_4562,Pique (Esforço),Ativo,Rep 1,
2025-01,Colaborador_1601,Pique (Esforço),Ativo,Rep 1,
2025-01,Colaborador_5669,Recebimento,Ativo,Rep 1,
2025-01,Colaborador_9144,Pique (Esforço),Ativo,Rep 1,
2025-01,Colaborador_1537,Packing Resagos,Ativo,Rep 1,
2025-01,Colaborador_2377,Packing Resagos,Ativo,Rep 1,
2025-01,Colaborador_2785,Recebimento,Ativo,Rep 1,
2025-01,Colaborador_7796,Pique (Esforço),Desligado,Rep 1,Proposta Melhor
2025-01,Colaborador_9720,Packing Resagos,Ativo,Rep 1,
2025-01,Colaborador_5549,Pique (Esforço),Desligado,Rep 1,Falta de Adaptação
2025-01,Colaborador_9855,Pique (Esforço),Ativo,Rep 2 (Talento),
2025-01,Colaborador_5431,Pique (Esforço),Ativo,Rep 1,
2025-01,Colaborador_4272,Packing Resagos,Ativo,Rep 1,
2025-01,Colaborador_2445,Pique (Esforço),Desligado,Rep 1,Falta de Adaptação
2025-01,Colaborador_9129,Expedição,Ativo,Rep 1,
2025-01,Colaborador_5510,Recebimento,Ativo,Rep 1,
2025-01,Colaborador_2378,Packing Resagos,Ativo,Rep 1,
2025-01,Colaborador_6477,Packing Resagos,Ativo,Rep 1,
2025-01,Colaborador_9049,Recebimento,Ativo,Rep 2 (Talento),
2025-01,Colaborador_6559,Recebimento,Ativo,Rep 1,
2025-01,Colaborador_9420,Packing Resagos,Ativo,Rep 2 (Talento),
2025-01,Colaborador_3939,Packing Resagos,Desligado,Rep 1,Baixo Desempenho
2025-02,Colaborador_1246,Pique (Esforço),Ativo,Rep 1,
2025-02,Colaborador_2741,Packing Resagos,Ativo,Rep 1,
2025-02,Colaborador_5015,Pique (Esforço),Ativo,Rep 1,
2025-02,Colaborador_8720,Pique (Esforço),Desligado,Rep 1,Carga Horária
2025-02,Colaborador_8678,Pique (Esforço),Ativo,Rep 2 (Talento),
2025-02,Colaborador_5954,Recebimento,Desligado,Rep 1,Carga Horária
2025-02,Colaborador_2319,Packing Resagos,Ativo,Rep 1,
2025-02,Colaborador_9034,Recebimento,Ativo,Rep 2 (Talento),
2025-02,Colaborador_8325,Packing Resagos,Desligado,Rep 1,Carga Horária
2025-02,Colaborador_6537,Packing Resagos,Ativo,Rep 2 (Talento),
2025-02,Colaborador_9746,Packing Resagos,Desligado,Rep 1,Proposta Melhor
2025-02,Colaborador_2921,Pique (Esforço),Ativo,Rep 1,
2025-02,Colaborador_5405,Pique (Esforço),Ativo,Rep 1,
2025-02,Colaborador_7665,Pique (Esforço),Ativo,Rep 1,
2025-02,Colaborador_7299,Pique (Esforço),Ativo,Rep 1,
2025-02,Colaborador_7514,Packing Resagos,Ativo,Rep 1,
2025-02,Colaborador_1919,Packing Resagos,Ativo,Rep 1,
2025-02,Colaborador_1157,Expedição,Ativo,Rep 1,
2025-02,Colaborador_9315,Packing Resagos,Ativo,Rep 1,
2025-02,Colaborador_2233,Packing Resagos,Ativo,Rep 1,
2025-02,Colaborador_7438,Pique (Esforço),Ativo,Rep 1,
2025-02,Colaborador_3351,Pique (Esforço),Desligado,Rep 1,Carga Horária
2025-02,Colaborador_4622,Recebimento,Ativo,Rep 1,
2025-02,Colaborador_3852,Pique (Esforço),Ativo,Rep 1,
2025-02,Colaborador_1653,Pique (Esforço),Ativo,Rep 2 (Talento),
2025-02,Colaborador_7300,Recebimento,Ativo,Rep 1,
2025-02,Colaborador_1618,Packing Resagos,Ativo,Rep 1,
2025-02,Colaborador_3567,Packing Resagos,Ativo,Rep 2 (Talento),
2025-02,Colaborador_2607,Packing Resagos,Ativo,Rep 1,
2025-02,Colaborador_2429,Packing Resagos,Ativo,Rep 1,
2025-02,Colaborador_4473,Pique (Esforço),Desligado,Rep 1,Falta de Adaptação
2025-02,Colaborador_4825,Recebimento,Ativo,Rep 1,
2025-02,Colaborador_8576,Pique (Esforço),Ativo,Rep 1,
2025-02,Colaborador_4651,Pique (Esforço),Ativo,Rep 1,
2025-02,Colaborador_9523,Pique (Esforço),Ativo,Rep 1,
2025-02,Colaborador_3329,Pique (Esforço),Ativo,Rep 1,
2025-02,Colaborador_5452,Pique (Esforço),Ativo,Rep 2 (Talento),
2025-02,Colaborador_5457,Pique (Esforço),Ativo,Rep 1,
2025-02,Colaborador_7170,Expedição,Ativo,Rep 1,
2025-02,Colaborador_4227,Packing Resagos,Ativo,Rep 1,
2025-02,Colaborador_7230,Packing Resagos,Ativo,Rep 2 (Talento),
2025-02,Colaborador_2666,Pique (Esforço),Desligado,Rep 1,Baixo Desempenho
2025-02,Colaborador_9695,Recebimento,Ativo,Rep 1,
2025-02,Colaborador_5395,Expedição,Ativo,Rep 1,
2025-02,Colaborador_7863,Packing Resagos,Ativo,Rep 1,
2025-02,Colaborador_1557,Packing Resagos,Ativo,Rep 1,
2025-02,Colaborador_5864,Pique (Esforço),Desligado,Rep 1,Baixo Desempenho
2025-02,Colaborador_6588,Recebimento,Ativo,Rep 1,
2025-02,Colaborador_5848,Packing Resagos,Ativo,Rep 2 (Talento),
2025-02,Colaborador_6754,Pique (Esforço),Ativo,Rep 1,
2025-02,Colaborador_5052,Pique (Esforço),Ativo,Rep 2 (Talento),
2025-02,Colaborador_3737,Pique (Esforço),Ativo,Rep 1,
2025-02,Colaborador_4558,Packing Resagos,Ativo,Rep 1,
2025-02,Colaborador_3279,Pique (Esforço),Ativo,Rep 1,
2025-02,Colaborador_2716,Packing Resagos,Ativo,Rep 1,
2025-02,Colaborador_4036,Packing Resagos,Ativo,Rep 1,
2025-02,Colaborador_1295,Recebimento,Ativo,Rep 1,
2025-02,Colaborador_5227,Packing Resagos,Ativo,Rep 1,
2025-02,Colaborador_1954,Recebimento,Ativo,Rep 2 (Talento),
2025-02,Colaborador_2411,Packing Resagos,Ativo,Rep 2 (Talento),
2025-02,Colaborador_1629,Pique (Esforço),Ativo,Rep 1,
2025-02,Colaborador_2206,Expedição,Ativo,Rep 1,
2025-02,Colaborador_7027,Packing Resagos,Ativo,Rep 1,
2025-02,Colaborador_8917,Recebimento,Ativo,Rep 1,
2025-02,Colaborador_3303,Packing Resagos,Ativo,Rep 1,
2025-02,Colaborador_6698,Packing Resagos,Ativo,Rep 1,
2025-02,Colaborador_8138,Packing Resagos,Desligado,Rep 1,Baixo Desempenho
2025-02,Colaborador_1939,Expedição,Ativo,Rep 1,
2025-02,Colaborador_6540,Recebimento,Ativo,Rep 1,
2025-02,Colaborador_4341,Pique (Esforço),Ativo,Rep 2 (Talento),
2025-02,Colaborador_4323,Recebimento,Ativo,Rep 1,
2025-02,Colaborador_8163,Packing Resagos,Ativo,Rep 1,
2025-02,Colaborador_6938,Recebimento,Ativo,Rep 1,
2025-02,Colaborador_5200,Pique (Esforço),Ativo,Rep 1,
2025-02,Colaborador_8003,Pique (Esforço),Ativo,Rep 1,
2025-02,Colaborador_7166,Packing Resagos,Ativo,Rep 1,
2025-02,Colaborador_7646,Expedição,Ativo,Rep 1,
2025-02,Colaborador_5075,Packing Resagos,Ativo,Rep 1,
2025-02,Colaborador_6422,Pique (Esforço),Ativo,Rep 2 (Talento),
2025-02,Colaborador_5170,Packing Resagos,Ativo,Rep 1,
2025-02,Colaborador_9947,Packing Resagos,Ativo,Rep 1,
2025-02,Colaborador_3724,Expedição,Ativo,Rep 1,
2025-02,Colaborador_7557,Expedição,Ativo,Rep 1,
2025-02,Colaborador_2222,Pique (Esforço),Ativo,Rep 1,
2025-02,Colaborador_9566,Pique (Esforço),Desligado,Rep 1,Proposta Melhor
2025-02,Colaborador_8595,Expedição,Ativo,Rep 1,
2025-02,Colaborador_4140,Recebimento,Ativo,Rep 1,
2025-02,Colaborador_3790,Pique (Esforço),Ativo,Rep 1,
2025-02,Colaborador_4180,Packing Resagos,Ativo,Rep 1,
2025-02,Colaborador_3082,Expedição,Ativo,Rep 1,
2025-02,Colaborador_1653,Recebimento,Ativo,Rep 1,
2025-02,Colaborador_1830,Pique (Esforço),Desligado,Rep 1,Baixo Desempenho
2025-02,Colaborador_4085,Packing Resagos,Ativo,Rep 2 (Talento),
2025-02,Colaborador_7149,Packing Resagos,Ativo,Rep 1,
2025-02,Colaborador_3428,Recebimento,Ativo,Rep 1,
2025-02,Colaborador_2681,Packing Resagos,Ativo,Rep 1,
2025-03,Colaborador_1607,Packing Resagos,Ativo,Rep 1,
2025-03,Colaborador_2041,Pique (Esforço),Desligado,Rep 1,Baixo Desempenho
2025-03,Colaborador_1866,Expedição,Ativo,Rep 1,
2025-03,Colaborador_8774,Packing Resagos,Ativo,Rep 1,
2025-03,Colaborador_5898,Pique (Esforço),Desligado,Rep 1,Baixo Desempenho
2025-03,Colaborador_4657,Expedição,Ativo,Rep 1,
2025-03,Colaborador_4626,Pique (Esforço),Desligado,Rep 1,Baixo Desempenho
2025-03,Colaborador_7495,Pique (Esforço),Ativo,Rep 1,
2025-03,Colaborador_8230,Recebimento,Ativo,Rep 2 (Talento),
2025-03,Colaborador_9124,Packing Resagos,Ativo,Rep 1,
2025-03,Colaborador_4351,Pique (Esforço),Ativo,Rep 1,
2025-03,Colaborador_1191,Pique (Esforço),Desligado,Rep 1,Falta de Adaptação
2025-03,Colaborador_7500,Pique (Esforço),Ativo,Rep 1,
2025-03,Colaborador_4999,Expedição,Ativo,Rep 1,
2025-03,Colaborador_8346,Pique (Esforço),Desligado,Rep 1,Baixo Desempenho
2025-03,Colaborador_4120,Recebimento,Ativo,Rep 1,
2025-03,Colaborador_1042,Pique (Esforço),Ativo,Rep 1,
2025-03,Colaborador_3122,Pique (Esforço),Desligado,Rep 1,Baixo Desempenho
2025-03,Colaborador_3661,Pique (Esforço),Desligado,Rep 1,Falta de Adaptação
2025-03,Colaborador_8972,Recebimento,Ativo,Rep 2 (Talento),
2025-03,Colaborador_4511,Packing Resagos,Ativo,Rep 1,
2025-03,Colaborador_5561,Pique (Esforço),Desligado,Rep 1,Carga Horária
2025-03,Colaborador_1913,Pique (Esforço),Desligado,Rep 1,Falta de Adaptação
2025-03,Colaborador_4895,Packing Resagos,Desligado,Rep 1,Carga Horária
2025-03,Colaborador_3337,Pique (Esforço),Ativo,Rep 1,
2025-03,Colaborador_6442,Expedição,Ativo,Rep 2 (Talento),
2025-03,Colaborador_2822,Packing Resagos,Ativo,Rep 2 (Talento),
2025-03,Colaborador_3037,Expedição,Ativo,Rep 1,
2025-03,Colaborador_3544,Packing Resagos,Ativo,Rep 1,
2025-03,Colaborador_3928,Packing Resagos,Ativo,Rep 1,
2025-03,Colaborador_6385,Pique (Esforço),Ativo,Rep 1,
2025-03,Colaborador_3399,Packing Resagos,Ativo,Rep 1,
2025-03,Colaborador_5969,Pique (Esforço),Desligado,Rep 1,Proposta Melhor
2025-03,Colaborador_3791,Expedição,Ativo,Rep 1,
2025-03,Colaborador_9313,Packing Resagos,Ativo,Rep 1,
2025-03,Colaborador_3486,Pique (Esforço),Desligado,Rep 1,Baixo Desempenho
2025-03,Colaborador_8493,Packing Resagos,Ativo,Rep 1,
2025-03,Colaborador_3863,Expedição,Desligado,Rep 1,Falta de Adaptação
2025-03,Colaborador_8037,Pique (Esforço),Ativo,Rep 1,
2025-03,Colaborador_3257,Recebimento,Ativo,Rep 1,
2025-03,Colaborador_8662,Packing Resagos,Ativo,Rep 1,
2025-03,Colaborador_3009,Recebimento,Ativo,Rep 1,
2025-03,Colaborador_4436,Packing Resagos,Ativo,Rep 2 (Talento),
2025-03,Colaborador_1223,Pique (Esforço),Ativo,Rep 1,
2025-03,Colaborador_7972,Packing Resagos,Ativo,Rep 1,
2025-03,Colaborador_8721,Pique (Esforço),Ativo,Rep 1,
2025-03,Colaborador_8456,Pique (Esforço),Ativo,Rep 1,
2025-03,Colaborador_2805,Pique (Esforço),Desligado,Rep 1,Baixo Desempenho
2025-03,Colaborador_7603,Pique (Esforço),Ativo,Rep 2 (Talento),
2025-03,Colaborador_4047,Packing Resagos,Ativo,Rep 1,
2025-03,Colaborador_4835,Pique (Esforço),Desligado,Rep 1,Baixo Desempenho
2025-03,Colaborador_7172,Pique (Esforço),Ativo,Rep 1,
2025-03,Colaborador_2743,Pique (Esforço),Desligado,Rep 1,Carga Horária
2025-03,Colaborador_7513,Pique (Esforço),Ativo,Rep 1,
2025-03,Colaborador_7470,Pique (Esforço),Desligado,Rep 1,Proposta Melhor
2025-03,Colaborador_4707,Pique (Esforço),Ativo,Rep 1,
2025-03,Colaborador_5040,Expedição,Ativo,Rep 1,
2025-03,Colaborador_2641,Packing Resagos,Ativo,Rep 1,
2025-03,Colaborador_7717,Recebimento,Desligado,Rep 1,Proposta Melhor
2025-03,Colaborador_7436,Recebimento,Ativo,Rep 1,
2025-03,Colaborador_1310,Recebimento,Ativo,Rep 1,
2025-03,Colaborador_5011,Packing Resagos,Ativo,Rep 1,
2025-03,Colaborador_5541,Packing Resagos,Ativo,Rep 1,
2025-03,Colaborador_8357,Recebimento,Ativo,Rep 1,
2025-03,Colaborador_3177,Recebimento,Ativo,Rep 1,
2025-03,Colaborador_2666,Packing Resagos,Ativo,Rep 1,
2025-03,Colaborador_1984,Pique (Esforço),Ativo,Rep 1,
2025-03,Colaborador_6884,Pique (Esforço),Ativo,Rep 1,
2025-03,Colaborador_2531,Pique (Esforço),Ativo,Rep 1,
2025-03,Colaborador_5841,Packing Resagos,Ativo,Rep 1,
2025-03,Colaborador_3472,Expedição,Ativo,Rep 1,
2025-03,Colaborador_8273,Recebimento,Ativo,Rep 1,
2025-03,Colaborador_6571,Packing Resagos,Ativo,Rep 1,
2025-03,Colaborador_3308,Recebimento,Ativo,Rep 1,
2025-03,Colaborador_7181,Expedição,Ativo,Rep 1,
2025-03,Colaborador_9846,Expedição,Desligado,Rep 1,Carga Horária
2025-03,Colaborador_1545,Packing Resagos,Ativo,Rep 1,
2025-03,Colaborador_1648,Pique (Esforço),Desligado,Rep 1,Proposta Melhor
2025-03,Colaborador_4925,Packing Resagos,Ativo,Rep 1,
2025-03,Colaborador_4148,Recebimento,Ativo,Rep 1,
2025-03,Colaborador_5407,Pique (Esforço),Desligado,Rep 1,Carga Horária
2025-03,Colaborador_4214,Pique (Esforço),Ativo,Rep 1,
2025-03,Colaborador_1416,Pique (Esforço),Ativo,Rep 2 (Talento),
2025-03,Colaborador_7163,Packing Resagos,Ativo,Rep 1,
2025-03,Colaborador_5441,Packing Resagos,Ativo,Rep 2 (Talento),
2025-03,Colaborador_2420,Packing Resagos,Ativo,Rep 1,
2025-03,Colaborador_1914,Expedição,Ativo,Rep 1,
2025-03,Colaborador_2211,Recebimento,Ativo,Rep 2 (Talento),
2025-03,Colaborador_1288,Packing Resagos,Ativo,Rep 1,
2025-03,Colaborador_7142,Recebimento,Ativo,Rep 2 (Talento),
2025-03,Colaborador_6650,Expedição,Desligado,Rep 1,Baixo Desempenho
2025-03,Colaborador_3122,Pique (Esforço),Desligado,Rep 1,Baixo Desempenho
2025-03,Colaborador_3045,Pique (Esforço),Ativo,Rep 1,
2025-03,Colaborador_1581,Packing Resagos,Ativo,Rep 1,
2025-03,Colaborador_3446,Pique (Esforço),Desligado,Rep 1,Proposta Melhor
2025-03,Colaborador_5183,Recebimento,Ativo,Rep 1,
2025-03,Colaborador_3174,Packing Resagos,Ativo,Rep 1,
2025-03,Colaborador_5718,Pique (Esforço),Ativo,Rep 1,
2025-03,Colaborador_8774,Pique (Esforço),Ativo,Rep 2 (Talento),
2025-04,Colaborador_1294,Pique (Esforço),Desligado,Rep 1,Carga Horária
2025-04,Colaborador_7285,Packing Resagos,Ativo,Rep 1,
2025-04,Colaborador_1878,Pique (Esforço),Ativo,Rep 1,
2025-04,Colaborador_6662,Pique (Esforço),Desligado,Rep 1,Carga Horária
2025-04,Colaborador_1710,Recebimento,Ativo,Rep 2 (Talento),
2025-04,Colaborador_3329,Pique (Esforço),Desligado,Rep 1,Falta de Adaptação
2025-04,Colaborador_9590,Packing Resagos,Ativo,Rep 1,
2025-04,Colaborador_5983,Pique (Esforço),Desligado,Rep 1,Baixo Desempenho
2025-04,Colaborador_3179,Expedição,Ativo,Rep 1,
2025-04,Colaborador_8104,Expedição,Ativo,Rep 2 (Talento),
2025-04,Colaborador_9636,Pique (Esforço),Desligado,Rep 1,Baixo Desempenho
2025-04,Colaborador_3091,Packing Resagos,Ativo,Rep 1,
2025-04,Colaborador_7520,Recebimento,Desligado,Rep 1,Falta de Adaptação
2025-04,Colaborador_1779,Expedição,Ativo,Rep 1,
2025-04,Colaborador_6501,Pique (Esforço),Ativo,Rep 1,
2025-04,Colaborador_5828,Packing Resagos,Ativo,Rep 2 (Talento),
2025-04,Colaborador_7156,Packing Resagos,Ativo,Rep 1,
2025-04,Colaborador_9329,Packing Resagos,Desligado,Rep 1,Carga Horária
2025-04,Colaborador_5424,Expedição,Desligado,Rep 1,Falta de Adaptação
2025-04,Colaborador_3350,Pique (Esforço),Ativo,Rep 1,
2025-04,Colaborador_7460,Pique (Esforço),Desligado,Rep 1,Carga Horária
2025-04,Colaborador_3288,Packing Resagos,Desligado,Rep 1,Proposta Melhor
2025-04,Colaborador_7217,Pique (Esforço),Desligado,Rep 1,Carga Horária
2025-04,Colaborador_5783,Recebimento,Ativo,Rep 2 (Talento),
2025-04,Colaborador_6968,Packing Resagos,Desligado,Rep 1,Carga Horária
2025-04,Colaborador_8175,Pique (Esforço),Ativo,Rep 2 (Talento),
2025-04,Colaborador_3508,Pique (Esforço),Desligado,Rep 1,Baixo Desempenho
2025-04,Colaborador_5450,Pique (Esforço),Ativo,Rep 1,
2025-04,Colaborador_4184,Pique (Esforço),Desligado,Rep 1,Baixo Desempenho
2025-04,Colaborador_1298,Pique (Esforço),Ativo,Rep 1,
2025-04,Colaborador_8572,Packing Resagos,Ativo,Rep 1,
2025-04,Colaborador_4947,Packing Resagos,Ativo,Rep 1,
2025-04,Colaborador_3101,Pique (Esforço),Ativo,Rep 1,
2025-04,Colaborador_5778,Pique (Esforço),Desligado,Rep 1,Baixo Desempenho
2025-04,Colaborador_4578,Pique (Esforço),Desligado,Rep 1,Falta de Adaptação
2025-04,Colaborador_9303,Packing Resagos,Ativo,Rep 1,
2025-04,Colaborador_6771,Pique (Esforço),Ativo,Rep 1,
2025-04,Colaborador_3190,Expedição,Desligado,Rep 1,Proposta Melhor
2025-04,Colaborador_8607,Packing Resagos,Desligado,Rep 1,Proposta Melhor
2025-04,Colaborador_6695,Expedição,Desligado,Rep 1,Baixo Desempenho
2025-04,Colaborador_6706,Packing Resagos,Ativo,Rep 2 (Talento),
2025-04,Colaborador_1267,Pique (Esforço),Desligado,Rep 1,Baixo Desempenho
2025-04,Colaborador_8947,Packing Resagos,Ativo,Rep 1,
2025-04,Colaborador_2340,Packing Resagos,Desligado,Rep 1,Proposta Melhor
2025-04,Colaborador_9553,Packing Resagos,Ativo,Rep 1,
2025-04,Colaborador_6394,Packing Resagos,Ativo,Rep 1,
2025-04,Colaborador_7030,Recebimento,Ativo,Rep 1,
2025-04,Colaborador_2917,Pique (Esforço),Ativo,Rep 2 (Talento),
2025-04,Colaborador_6832,Recebimento,Desligado,Rep 1,Falta de Adaptação
2025-04,Colaborador_7202,Pique (Esforço),Ativo,Rep 1,
2025-04,Colaborador_7524,Packing Resagos,Ativo,Rep 1,
2025-04,Colaborador_8726,Expedição,Desligado,Rep 1,Carga Horária
2025-04,Colaborador_6461,Packing Resagos,Desligado,Rep 1,Falta de Adaptação
2025-04,Colaborador_4886,Packing Resagos,Ativo,Rep 1,
2025-04,Colaborador_8803,Expedição,Ativo,Rep 1,
2025-04,Colaborador_8024,Packing Resagos,Ativo,Rep 1,
2025-04,Colaborador_4074,Packing Resagos,Desligado,Rep 1,Proposta Melhor
2025-04,Colaborador_6219,Expedição,Ativo,Rep 1,
2025-04,Colaborador_6869,Expedição,Ativo,Rep 1,
2025-04,Colaborador_5802,Packing Resagos,Ativo,Rep 2 (Talento),
2025-04,Colaborador_8897,Recebimento,Ativo,Rep 1,
2025-04,Colaborador_6318,Pique (Esforço),Ativo,Rep 1,
2025-04,Colaborador_2694,Pique (Esforço),Ativo,Rep 1,
2025-04,Colaborador_9902,Pique (Esforço),Ativo,Rep 1,
2025-04,Colaborador_4587,Pique (Esforço),Ativo,Rep 1,
2025-04,Colaborador_2287,Pique (Esforço),Desligado,Rep 1,Carga Horária
2025-04,Colaborador_3367,Recebimento,Ativo,Rep 1,
2025-04,Colaborador_8401,Pique (Esforço),Desligado,Rep 1,Baixo Desempenho
2025-04,Colaborador_1667,Packing Resagos,Ativo,Rep 1,
2025-04,Colaborador_7536,Pique (Esforço),Ativo,Rep 1,
2025-04,Colaborador_2559,Recebimento,Ativo,Rep 1,
2025-04,Colaborador_5034,Recebimento,Ativo,Rep 1,
2025-04,Colaborador_3983,Expedição,Desligado,Rep 1,Carga Horária
2025-04,Colaborador_7936,Recebimento,Ativo,Rep 1,
2025-04,Colaborador_1958,Pique (Esforço),Desligado,Rep 1,Baixo Desempenho
2025-04,Colaborador_6815,Pique (Esforço),Ativo,Rep 1,
2025-04,Colaborador_8856,Pique (Esforço),Desligado,Rep 1,Carga Horária
2025-04,Colaborador_9012,Packing Resagos,Desligado,Rep 1,Proposta Melhor
2025-04,Colaborador_4371,Recebimento,Desligado,Rep 1,Carga Horária
2025-04,Colaborador_3520,Expedição,Ativo,Rep 1,
2025-04,Colaborador_4161,Packing Resagos,Ativo,Rep 1,
2025-04,Colaborador_4842,Pique (Esforço),Ativo,Rep 1,
2025-04,Colaborador_2513,Pique (Esforço),Ativo,Rep 1,
2025-04,Colaborador_4410,Pique (Esforço),Ativo,Rep 1,
2025-04,Colaborador_5881,Packing Resagos,Desligado,Rep 1,Baixo Desempenho
2025-04,Colaborador_5406,Pique (Esforço),Ativo,Rep 1,
2025-04,Colaborador_4216,Recebimento,Ativo,Rep 1,
2025-04,Colaborador_7773,Pique (Esforço),Desligado,Rep 1,Proposta Melhor
2025-04,Colaborador_8887,Packing Resagos,Ativo,Rep 1,
2025-04,Colaborador_2597,Recebimento,Ativo,Rep 1,
2025-04,Colaborador_1885,Recebimento,Ativo,Rep 1,
2025-04,Colaborador_1904,Pique (Esforço),Desligado,Rep 1,Baixo Desempenho
2025-04,Colaborador_9388,Expedição,Ativo,Rep 1,
2025-04,Colaborador_1602,Pique (Esforço),Ativo,Rep 1,
2025-04,Colaborador_9470,Pique (Esforço),Ativo,Rep 1,
2025-04,Colaborador_4836,Recebimento,Ativo,Rep 1,
2025-04,Colaborador_1384,Pique (Esforço),Ativo,Rep 1,
2025-04,Colaborador_4413,Pique (Esforço),Ativo,Rep 1,
2025-04,Colaborador_9021,Pique (Esforço),Desligado,Rep 1,Carga Horária
2025-04,Colaborador_2769,Packing Resagos,Ativo,Rep 2 (Talento),
2025-04,Colaborador_6911,Pique (Esforço),Ativo,Rep 1,
2025-04,Colaborador_1177,Recebimento,Desligado,Rep 1,Proposta Melhor
2025-04,Colaborador_9141,Pique (Esforço),Desligado,Rep 1,Falta de Adaptação
2025-04,Colaborador_3365,Pique (Esforço),Desligado,Rep 1,Carga Horária
2025-04,Colaborador_4631,Packing Resagos,Ativo,Rep 1,
2025-04,Colaborador_7090,Pique (Esforço),Desligado,Rep 1,Carga Horária
2025-04,Colaborador_9613,Packing Resagos,Ativo,Rep 1,
2025-04,Colaborador_7235,Packing Resagos,Desligado,Rep 1,Baixo Desempenho
2025-04,Colaborador_9458,Packing Resagos,Ativo,Rep 1,
2025-04,Colaborador_9224,Pique (Esforço),Ativo,Rep 2 (Talento),
2025-04,Colaborador_8415,Recebimento,Ativo,Rep 1,
2025-04,Colaborador_6893,Packing Resagos,Desligado,Rep 1,Carga Horária
2025-04,Colaborador_2176,Expedição,Ativo,Rep 1,
2025-04,Colaborador_5194,Expedição,Ativo,Rep 1,
2025-04,Colaborador_1120,Packing Resagos,Ativo,Rep 1,
2025-04,Colaborador_3598,Expedição,Ativo,Rep 1,
2025-04,Colaborador_7595,Recebimento,Ativo,Rep 1,
2025-04,Colaborador_2084,Pique (Esforço),Ativo,Rep 1,
2025-04,Colaborador_9413,Recebimento,Ativo,Rep 1,
2025-04,Colaborador_8037,Recebimento,Ativo,Rep 1,
2025-04,Colaborador_1922,Expedição,Ativo,Rep 1,
2025-04,Colaborador_1153,Pique (Esforço),Desligado,Rep 1,Proposta Melhor
2025-04,Colaborador_3333,Expedição,Ativo,Rep 1,
2025-04,Colaborador_2554,Pique (Esforço),Desligado,Rep 1,Carga Horária
2025-04,Colaborador_9618,Packing Resagos,Desligado,Rep 1,Carga Horária
2025-04,Colaborador_8867,Expedição,Ativo,Rep 1,
2025-04,Colaborador_3510,Packing Resagos,Ativo,Rep 1,
2025-04,Colaborador_6980,Pique (Esforço),Desligado,Rep 1,Baixo Desempenho
2025-04,Colaborador_2561,Pique (Esforço),Ativo,Rep 1,
2025-04,Colaborador_7646,Expedição,Desligado,Rep 1,Baixo Desempenho
2025-04,Colaborador_3317,Recebimento,Ativo,Rep 1,
2025-04,Colaborador_4710,Pique (Esforço),Desligado,Rep 1,Falta de Adaptação
2025-04,Colaborador_3484,Pique (Esforço),Ativo,Rep 1,
2025-04,Colaborador_8631,Packing Resagos,Desligado,Rep 1,Falta de Adaptação
2025-04,Colaborador_5080,Recebimento,Ativo,Rep 1,
2025-04,Colaborador_6474,Expedição,Ativo,Rep 1,
2025-04,Colaborador_1009,Packing Resagos,Ativo,Rep 1,
2025-04,Colaborador_8570,Pique (Esforço),Ativo,Rep 1,
2025-04,Colaborador_1282,Packing Resagos,Desligado,Rep 1,Carga Horária
2025-04,Colaborador_8007,Expedição,Ativo,Rep 1,
2025-04,Colaborador_2961,Expedição,Ativo,Rep 1,
2025-05,Colaborador_2236,Pique (Esforço),Desligado,Rep 1,Falta de Adaptação
2025-05,Colaborador_4906,Expedição,Ativo,Rep 1,
2025-05,Colaborador_4607,Pique (Esforço),Desligado,Rep 1,Falta de Adaptação
2025-05,Colaborador_6141,Recebimento,Ativo,Rep 2 (Talento),
2025-05,Colaborador_5322,Pique (Esforço),Ativo,Rep 1,
2025-05,Colaborador_2965,Packing Resagos,Ativo,Rep 1,
2025-05,Colaborador_7698,Packing Resagos,Ativo,Rep 1,
2025-05,Colaborador_2155,Packing Resagos,Desligado,Rep 1,Carga Horária
2025-05,Colaborador_6517,Recebimento,Desligado,Rep 1,Proposta Melhor
2025-05,Colaborador_4220,Expedição,Ativo,Rep 2 (Talento),
2025-05,Colaborador_9417,Expedição,Ativo,Rep 1,
2025-05,Colaborador_4394,Packing Resagos,Desligado,Rep 1,Baixo Desempenho
2025-05,Colaborador_1411,Expedição,Ativo,Rep 1,
2025-05,Colaborador_7395,Pique (Esforço),Ativo,Rep 1,
2025-05,Colaborador_5261,Packing Resagos,Desligado,Rep 1,Baixo Desempenho
2025-05,Colaborador_8146,Packing Resagos,Desligado,Rep 1,Baixo Desempenho
2025-05,Colaborador_9546,Pique (Esforço),Ativo,Rep 1,
2025-05,Colaborador_3334,Pique (Esforço),Desligado,Rep 1,Proposta Melhor
2025-05,Colaborador_9991,Packing Resagos,Ativo,Rep 1,
2025-05,Colaborador_2291,Pique (Esforço),Ativo,Rep 2 (Talento),
2025-05,Colaborador_4675,Packing Resagos,Desligado,Rep 1,Baixo Desempenho
2025-05,Colaborador_2522,Expedição,Ativo,Rep 1,
2025-05,Colaborador_8911,Packing Resagos,Desligado,Rep 1,Proposta Melhor
2025-05,Colaborador_5040,Pique (Esforço),Desligado,Rep 1,Carga Horária
2025-05,Colaborador_1584,Pique (Esforço),Ativo,Rep 1,
2025-05,Colaborador_7919,Packing Resagos,Ativo,Rep 1,
2025-05,Colaborador_7120,Packing Resagos,Ativo,Rep 1,
2025-05,Colaborador_1374,Pique (Esforço),Ativo,Rep 1,
2025-05,Colaborador_9511,Pique (Esforço),Ativo,Rep 1,
2025-05,Colaborador_7528,Pique (Esforço),Desligado,Rep 1,Falta de Adaptação
2025-05,Colaborador_5952,Pique (Esforço),Desligado,Rep 1,Proposta Melhor
2025-05,Colaborador_5290,Recebimento,Ativo,Rep 2 (Talento),
2025-05,Colaborador_9601,Pique (Esforço),Ativo,Rep 2 (Talento),
2025-05,Colaborador_5281,Packing Resagos,Ativo,Rep 1,
2025-05,Colaborador_9874,Recebimento,Desligado,Rep 1,Falta de Adaptação
2025-05,Colaborador_9495,Packing Resagos,Ativo,Rep 1,
2025-05,Colaborador_1036,Packing Resagos,Ativo,Rep 1,
2025-05,Colaborador_9216,Expedição,Ativo,Rep 1,
2025-05,Colaborador_4665,Pique (Esforço),Ativo,Rep 2 (Talento),
2025-05,Colaborador_4220,Recebimento,Desligado,Rep 1,Falta de Adaptação
2025-05,Colaborador_5550,Recebimento,Ativo,Rep 1,
2025-05,Colaborador_4560,Packing Resagos,Ativo,Rep 1,
2025-05,Colaborador_7872,Recebimento,Ativo,Rep 2 (Talento),
2025-05,Colaborador_3564,Packing Resagos,Ativo,Rep 1,
2025-05,Colaborador_4016,Recebimento,Desligado,Rep 1,Baixo Desempenho
2025-05,Colaborador_6839,Packing Resagos,Desligado,Rep 1,Proposta Melhor
2025-05,Colaborador_5353,Packing Resagos,Ativo,Rep 1,
2025-05,Colaborador_2953,Expedição,Ativo,Rep 2 (Talento),
2025-05,Colaborador_1030,Expedição,Ativo,Rep 1,
2025-05,Colaborador_4049,Packing Resagos,Desligado,Rep 1,Proposta Melhor
2025-05,Colaborador_6460,Expedição,Desligado,Rep 1,Baixo Desempenho
2025-05,Colaborador_4359,Pique (Esforço),Ativo,Rep 1,
2025-05,Colaborador_1006,Expedição,Ativo,Rep 1,
2025-05,Colaborador_3737,Packing Resagos,Desligado,Rep 1,Proposta Melhor
2025-05,Colaborador_7670,Packing Resagos,Ativo,Rep 1,
2025-05,Colaborador_5759,Pique (Esforço),Ativo,Rep 1,
2025-05,Colaborador_6763,Packing Resagos,Desligado,Rep 1,Falta de Adaptação
2025-05,Colaborador_2469,Packing Resagos,Ativo,Rep 2 (Talento),
2025-05,Colaborador_8914,Recebimento,Desligado,Rep 1,Carga Horária
2025-05,Colaborador_2302,Packing Resagos,Ativo,Rep 1,
2025-05,Colaborador_3336,Expedição,Ativo,Rep 1,
2025-05,Colaborador_8655,Packing Resagos,Ativo,Rep 1,
2025-05,Colaborador_4189,Pique (Esforço),Ativo,Rep 1,
2025-05,Colaborador_8442,Pique (Esforço),Desligado,Rep 1,Carga Horária
2025-05,Colaborador_4360,Pique (Esforço),Desligado,Rep 1,Baixo Desempenho
2025-05,Colaborador_1660,Pique (Esforço),Ativo,Rep 1,
2025-05,Colaborador_3963,Packing Resagos,Ativo,Rep 1,
2025-05,Colaborador_5677,Expedição,Ativo,Rep 1,
2025-05,Colaborador_6382,Pique (Esforço),Ativo,Rep 1,
2025-05,Colaborador_3443,Pique (Esforço),Desligado,Rep 1,Falta de Adaptação
2025-05,Colaborador_5221,Pique (Esforço),Desligado,Rep 1,Falta de Adaptação
2025-05,Colaborador_8319,Packing Resagos,Ativo,Rep 1,
2025-05,Colaborador_8072,Packing Resagos,Ativo,Rep 1,
2025-05,Colaborador_7692,Recebimento,Desligado,Rep 1,Carga Horária
2025-05,Colaborador_7181,Pique (Esforço),Ativo,Rep 2 (Talento),
2025-05,Colaborador_1059,Pique (Esforço),Desligado,Rep 1,Carga Horária
2025-05,Colaborador_1294,Pique (Esforço),Desligado,Rep 1,Proposta Melhor
2025-05,Colaborador_8226,Packing Resagos,Ativo,Rep 1,
2025-05,Colaborador_5882,Packing Resagos,Desligado,Rep 1,Carga Horária
2025-05,Colaborador_9519,Recebimento,Ativo,Rep 1,
2025-05,Colaborador_7061,Expedição,Ativo,Rep 1,
2025-05,Colaborador_5806,Packing Resagos,Desligado,Rep 1,Proposta Melhor
2025-05,Colaborador_2713,Recebimento,Ativo,Rep 2 (Talento),
2025-05,Colaborador_5127,Pique (Esforço),Desligado,Rep 1,Proposta Melhor
2025-05,Colaborador_3264,Packing Resagos,Ativo,Rep 1,
2025-05,Colaborador_8747,Pique (Esforço),Ativo,Rep 1,
2025-05,Colaborador_2587,Pique (Esforço),Ativo,Rep 1,
2025-05,Colaborador_5575,Expedição,Ativo,Rep 1,
2025-05,Colaborador_4751,Pique (Esforço),Desligado,Rep 1,Carga Horária
2025-05,Colaborador_4573,Packing Resagos,Desligado,Rep 1,Carga Horária
2025-05,Colaborador_9054,Packing Resagos,Ativo,Rep 1,
2025-05,Colaborador_7125,Packing Resagos,Ativo,Rep 1,
2025-05,Colaborador_7590,Pique (Esforço),Ativo,Rep 1,
2025-05,Colaborador_9541,Pique (Esforço),Desligado,Rep 1,Carga Horária
2025-05,Colaborador_4253,Expedição,Ativo,Rep 1,
2025-05,Colaborador_7296,Pique (Esforço),Ativo,Rep 2 (Talento),
2025-05,Colaborador_4167,Recebimento,Ativo,Rep 1,
2025-05,Colaborador_9991,Recebimento,Ativo,Rep 2 (Talento),
2025-05,Colaborador_2898,Expedição,Desligado,Rep 1,Baixo Desempenho
2025-05,Colaborador_4395,Packing Resagos,Ativo,Rep 1,
2025-05,Colaborador_6929,Expedição,Ativo,Rep 1,
2025-05,Colaborador_7522,Expedição,Ativo,Rep 1,
2025-05,Colaborador_5112,Pique (Esforço),Ativo,Rep 1,
2025-05,Colaborador_8329,Packing Resagos,Ativo,Rep 2 (Talento),
2025-05,Colaborador_8102,Recebimento,Ativo,Rep 1,
2025-05,Colaborador_6744,Expedição,Ativo,Rep 1,
2025-05,Colaborador_1885,Pique (Esforço),Desligado,Rep 1,Carga Horária
2025-05,Colaborador_1555,Packing Resagos,Ativo,Rep 1,
2025-05,Colaborador_2434,Packing Resagos,Ativo,Rep 1,
2025-05,Colaborador_5403,Expedição,Ativo,Rep 1,
2025-05,Colaborador_4083,Packing Resagos,Ativo,Rep 1,
2025-05,Colaborador_9258,Pique (Esforço),Desligado,Rep 1,Falta de Adaptação
2025-05,Colaborador_4242,Pique (Esforço),Ativo,Rep 1,
2025-05,Colaborador_1355,Recebimento,Ativo,Rep 1,
2025-05,Colaborador_9193,Packing Resagos,Ativo,Rep 1,
2025-05,Colaborador_6105,Packing Resagos,Ativo,Rep 2 (Talento),
2025-05,Colaborador_3899,Packing Resagos,Desligado,Rep 1,Baixo Desempenho
2025-05,Colaborador_1628,Packing Resagos,Ativo,Rep 1,
2025-05,Colaborador_8152,Pique (Esforço),Desligado,Rep 1,Carga Horária
2025-05,Colaborador_9069,Packing Resagos,Ativo,Rep 2 (Talento),
2025-05,Colaborador_8608,Packing Resagos,Ativo,Rep 1,
2025-05,Colaborador_5375,Packing Resagos,Desligado,Rep 1,Falta de Adaptação
2025-05,Colaborador_4581,Pique (Esforço),Ativo,Rep 1,
2025-05,Colaborador_7977,Pique (Esforço),Desligado,Rep 1,Falta de Adaptação
2025-05,Colaborador_1479,Pique (Esforço),Ativo,Rep 1,
2025-06,Colaborador_8762,Pique (Esforço),Desligado,Rep 1,Baixo Desempenho
2025-06,Colaborador_6654,Recebimento,Ativo,Rep 1,
2025-06,Colaborador_3761,Packing Resagos,Desligado,Rep 1,Carga Horária
2025-06,Colaborador_1720,Packing Resagos,Desligado,Rep 1,Carga Horária
2025-06,Colaborador_7327,Pique (Esforço),Desligado,Rep 1,Carga Horária
2025-06,Colaborador_6567,Packing Resagos,Ativo,Rep 1,
2025-06,Colaborador_5231,Pique (Esforço),Ativo,Rep 1,
2025-06,Colaborador_2147,Pique (Esforço),Ativo,Rep 1,
2025-06,Colaborador_7327,Pique (Esforço),Desligado,Rep 1,Carga Horária
2025-06,Colaborador_7487,Expedição,Ativo,Rep 1,
2025-06,Colaborador_8037,Expedição,Desligado,Rep 1,Baixo Desempenho
2025-06,Colaborador_6590,Expedição,Ativo,Rep 1,
2025-06,Colaborador_6278,Pique (Esforço),Ativo,Rep 1,
2025-06,Colaborador_6763,Pique (Esforço),Ativo,Rep 1,
2025-06,Colaborador_9774,Packing Resagos,Desligado,Rep 1,Carga Horária
2025-06,Colaborador_2511,Packing Resagos,Ativo,Rep 1,
2025-06,Colaborador_9594,Pique (Esforço),Desligado,Rep 1,Falta de Adaptação
2025-06,Colaborador_6612,Packing Resagos,Ativo,Rep 1,
2025-06,Colaborador_4599,Pique (Esforço),Ativo,Rep 1,
2025-06,Colaborador_2432,Pique (Esforço),Desligado,Rep 1,Falta de Adaptação
2025-06,Colaborador_8528,Expedição,Ativo,Rep 1,
2025-06,Colaborador_2543,Packing Resagos,Desligado,Rep 1,Carga Horária
2025-06,Colaborador_3612,Packing Resagos,Desligado,Rep 1,Carga Horária
2025-06,Colaborador_4406,Pique (Esforço),Ativo,Rep 1,
2025-06,Colaborador_7849,Pique (Esforço),Ativo,Rep 1,
2025-06,Colaborador_9922,Pique (Esforço),Desligado,Rep 1,Baixo Desempenho
2025-06,Colaborador_2171,Recebimento,Desligado,Rep 1,Proposta Melhor
2025-06,Colaborador_5417,Packing Resagos,Ativo,Rep 1,
2025-06,Colaborador_3376,Packing Resagos,Ativo,Rep 1,
2025-06,Colaborador_6627,Pique (Esforço),Ativo,Rep 1,
2025-06,Colaborador_5111,Pique (Esforço),Desligado,Rep 1,Proposta Melhor
2025-06,Colaborador_1262,Pique (Esforço),Ativo,Rep 1,
2025-06,Colaborador_6168,Packing Resagos,Desligado,Rep 1,Proposta Melhor
2025-06,Colaborador_8208,Packing Resagos,Ativo,Rep 1,
2025-06,Colaborador_5670,Pique (Esforço),Desligado,Rep 1,Baixo Desempenho
2025-06,Colaborador_3425,Pique (Esforço),Desligado,Rep 1,Proposta Melhor
2025-06,Colaborador_4394,Pique (Esforço),Ativo,Rep 1,
2025-06,Colaborador_7877,Packing Resagos,Ativo,Rep 1,
2025-06,Colaborador_9144,Packing Resagos,Ativo,Rep 2 (Talento),
2025-06,Colaborador_9161,Packing Resagos,Desligado,Rep 1,Falta de Adaptação
2025-06,Colaborador_9307,Expedição,Ativo,Rep 1,
2025-06,Colaborador_5956,Pique (Esforço),Ativo,Rep 1,
2025-06,Colaborador_6380,Packing Resagos,Ativo,Rep 1,
2025-06,Colaborador_9711,Packing Resagos,Ativo,Rep 1,
2025-06,Colaborador_1400,Expedição,Ativo,Rep 1,
2025-06,Colaborador_3765,Packing Resagos,Ativo,Rep 1,
2025-06,Colaborador_1831,Recebimento,Ativo,Rep 2 (Talento),
2025-06,Colaborador_9236,Expedição,Ativo,Rep 2 (Talento),
2025-06,Colaborador_3687,Pique (Esforço),Ativo,Rep 1,
2025-06,Colaborador_7415,Pique (Esforço),Desligado,Rep 1,Proposta Melhor
2025-06,Colaborador_6350,Packing Resagos,Ativo,Rep 1,
2025-06,Colaborador_3034,Packing Resagos,Ativo,Rep 1,
2025-06,Colaborador_1122,Pique (Esforço),Desligado,Rep 1,Proposta Melhor
2025-06,Colaborador_6478,Pique (Esforço),Desligado,Rep 1,Falta de Adaptação
2025-06,Colaborador_7701,Packing Resagos,Ativo,Rep 1,
2025-06,Colaborador_5078,Pique (Esforço),Desligado,Rep 1,Baixo Desempenho
2025-06,Colaborador_9351,Pique (Esforço),Ativo,Rep 1,
2025-06,Colaborador_8386,Pique (Esforço),Ativo,Rep 1,
2025-06,Colaborador_6006,Packing Resagos,Ativo,Rep 1,
2025-06,Colaborador_4750,Pique (Esforço),Ativo,Rep 1,
2025-06,Colaborador_2174,Pique (Esforço),Desligado,Rep 1,Carga Horária
2025-06,Colaborador_8352,Recebimento,Ativo,Rep 1,
2025-06,Colaborador_7874,Pique (Esforço),Desligado,Rep 1,Proposta Melhor
2025-06,Colaborador_9004,Expedição,Ativo,Rep 1,
2025-06,Colaborador_7307,Expedição,Ativo,Rep 1,
2025-06,Colaborador_5041,Pique (Esforço),Desligado,Rep 1,Falta de Adaptação
2025-06,Colaborador_3709,Pique (Esforço),Desligado,Rep 1,Carga Horária
2025-06,Colaborador_2176,Packing Resagos,Ativo,Rep 1,
2025-06,Colaborador_3027,Pique (Esforço),Desligado,Rep 1,Carga Horária
2025-06,Colaborador_1956,Recebimento,Ativo,Rep 1,
2025-06,Colaborador_8300,Pique (Esforço),Desligado,Rep 1,Falta de Adaptação
2025-06,Colaborador_1311,Pique (Esforço),Ativo,Rep 2 (Talento),
2025-06,Colaborador_5251,Pique (Esforço),Desligado,Rep 1,Carga Horária
2025-06,Colaborador_8516,Pique (Esforço),Desligado,Rep 1,Carga Horária
2025-06,Colaborador_7215,Expedição,Ativo,Rep 1,
2025-06,Colaborador_5949,Pique (Esforço),Ativo,Rep 1,
2025-06,Colaborador_4508,Pique (Esforço),Desligado,Rep 1,Proposta Melhor
2025-06,Colaborador_1517,Pique (Esforço),Ativo,Rep 1,
2025-06,Colaborador_1772,Recebimento,Desligado,Rep 1,Falta de Adaptação
2025-06,Colaborador_4008,Packing Resagos,Ativo,Rep 1,
2025-06,Colaborador_4366,Packing Resagos,Ativo,Rep 1,
2025-06,Colaborador_9265,Expedição,Ativo,Rep 1,
2025-06,Colaborador_4030,Packing Resagos,Ativo,Rep 1,
2025-06,Colaborador_5993,Pique (Esforço),Ativo,Rep 1,
2025-06,Colaborador_4771,Recebimento,Ativo,Rep 1,
2025-06,Colaborador_7005,Pique (Esforço),Desligado,Rep 1,Proposta Melhor
2025-06,Colaborador_5268,Packing Resagos,Ativo,Rep 1,
2025-06,Colaborador_1637,Pique (Esforço),Ativo,Rep 1,
2025-06,Colaborador_2831,Pique (Esforço),Desligado,Rep 1,Carga Horária
2025-06,Colaborador_2812,Pique (Esforço),Ativo,Rep 1,
2025-06,Colaborador_4099,Recebimento,Ativo,Rep 1,
2025-06,Colaborador_3566,Pique (Esforço),Desligado,Rep 1,Proposta Melhor
2025-06,Colaborador_2935,Recebimento,Desligado,Rep 1,Falta de Adaptação
2025-06,Colaborador_8248,Recebimento,Ativo,Rep 1,
2025-06,Colaborador_3955,Packing Resagos,Desligado,Rep 1,Baixo Desempenho
2025-06,Colaborador_7251,Packing Resagos,Desligado,Rep 1,Carga Horária
2025-06,Colaborador_7581,Packing Resagos,Ativo,Rep 1,
2025-06,Colaborador_3787,Recebimento,Ativo,Rep 2 (Talento),
2025-06,Colaborador_2872,Packing Resagos,Desligado,Rep 1,Carga Horária
2025-06,Colaborador_9168,Recebimento,Ativo,Rep 1,
2025-06,Colaborador_3892,Pique (Esforço),Desligado,Rep 1,Carga Horária
2025-06,Colaborador_8860,Pique (Esforço),Desligado,Rep 1,Carga Horária
2025-06,Colaborador_4894,Pique (Esforço),Ativo,Rep 1,
2025-06,Colaborador_1961,Packing Resagos,Ativo,Rep 2 (Talento),
2025-06,Colaborador_1378,Pique (Esforço),Ativo,Rep 1,
2025-06,Colaborador_9241,Recebimento,Ativo,Rep 1,
2025-06,Colaborador_7466,Pique (Esforço),Desligado,Rep 1,Baixo Desempenho
2025-06,Colaborador_3478,Pique (Esforço),Desligado,Rep 1,Carga Horária
2025-06,Colaborador_4651,Expedição,Ativo,Rep 1,
2025-06,Colaborador_2223,Packing Resagos,Ativo,Rep 1,
2025-06,Colaborador_3394,Expedição,Desligado,Rep 1,Baixo Desempenho
2025-06,Colaborador_6474,Pique (Esforço),Ativo,Rep 1,
2025-06,Colaborador_9763,Pique (Esforço),Desligado,Rep 1,Carga Horária
2025-06,Colaborador_3394,Recebimento,Ativo,Rep 1,
2025-06,Colaborador_6774,Recebimento,Ativo,Rep 1,
2025-06,Colaborador_5388,Pique (Esforço),Desligado,Rep 1,Proposta Melhor
2025-06,Colaborador_1363,Pique (Esforço),Ativo,Rep 2 (Talento),
2025-06,Colaborador_9475,Pique (Esforço),Ativo,Rep 1,
2025-06,Colaborador_7437,Pique (Esforço),Ativo,Rep 1,
2025-06,Colaborador_9533,Packing Resagos,Ativo,Rep 1,
2025-06,Colaborador_2485,Pique (Esforço),Ativo,Rep 1,
2025-06,Colaborador_1531,Packing Resagos,Ativo,Rep 1,
2025-06,Colaborador_6693,Packing Resagos,Desligado,Rep 1,Falta de Adaptação
2025-06,Colaborador_3573,Packing Resagos,Ativo,Rep 1,
2025-07,Colaborador_5156,Packing Resagos,Desligado,Rep 1,Baixo Desempenho
2025-07,Colaborador_4408,Pique (Esforço),Desligado,Rep 1,Falta de Adaptação
2025-07,Colaborador_4870,Pique (Esforço),Desligado,Rep 1,Proposta Melhor
2025-07,Colaborador_3674,Pique (Esforço),Ativo,Rep 1,
2025-07,Colaborador_9476,Pique (Esforço),Ativo,Rep 1,
2025-07,Colaborador_7056,Pique (Esforço),Desligado,Rep 1,Baixo Desempenho
2025-07,Colaborador_5063,Recebimento,Desligado,Rep 1,Falta de Adaptação
2025-07,Colaborador_3116,Packing Resagos,Ativo,Rep 1,
2025-07,Colaborador_1110,Pique (Esforço),Desligado,Rep 1,Baixo Desempenho
2025-07,Colaborador_7337,Pique (Esforço),Ativo,Rep 1,
2025-07,Colaborador_3057,Recebimento,Desligado,Rep 1,Falta de Adaptação
2025-07,Colaborador_4848,Recebimento,Ativo,Rep 1,
2025-07,Colaborador_7461,Expedição,Ativo,Rep 1,
2025-07,Colaborador_7755,Pique (Esforço),Ativo,Rep 1,
2025-07,Colaborador_1684,Pique (Esforço),Desligado,Rep 1,Carga Horária
2025-07,Colaborador_4299,Packing Resagos,Ativo,Rep 1,
2025-07,Colaborador_5534,Pique (Esforço),Desligado,Rep 1,Proposta Melhor
2025-07,Colaborador_5079,Recebimento,Ativo,Rep 1,
2025-07,Colaborador_7825,Pique (Esforço),Desligado,Rep 1,Proposta Melhor
2025-07,Colaborador_9202,Expedição,Desligado,Rep 1,Falta de Adaptação
2025-07,Colaborador_5700,Pique (Esforço),Desligado,Rep 1,Carga Horária
2025-07,Colaborador_6605,Packing Resagos,Ativo,Rep 2 (Talento),
2025-07,Colaborador_5908,Pique (Esforço),Desligado,Rep 1,Falta de Adaptação
2025-07,Colaborador_6197,Packing Resagos,Ativo,Rep 1,
2025-07,Colaborador_4718,Pique (Esforço),Desligado,Rep 1,Falta de Adaptação
2025-07,Colaborador_2003,Packing Resagos,Ativo,Rep 1,
2025-07,Colaborador_5593,Pique (Esforço),Desligado,Rep 1,Proposta Melhor
2025-07,Colaborador_2416,Pique (Esforço),Ativo,Rep 1,
2025-07,Colaborador_9194,Pique (Esforço),Desligado,Rep 1,Carga Horária
2025-07,Colaborador_8887,Expedição,Desligado,Rep 1,Falta de Adaptação
2025-07,Colaborador_6740,Pique (Esforço),Ativo,Rep 2 (Talento),
2025-07,Colaborador_3767,Recebimento,Desligado,Rep 1,Carga Horária
2025-07,Colaborador_4811,Pique (Esforço),Desligado,Rep 1,Baixo Desempenho
2025-07,Colaborador_6415,Packing Resagos,Desligado,Rep 1,Falta de Adaptação
2025-07,Colaborador_5096,Recebimento,Ativo,Rep 1,
2025-07,Colaborador_2643,Pique (Esforço),Desligado,Rep 1,Baixo Desempenho
2025-07,Colaborador_1607,Pique (Esforço),Desligado,Rep 1,Proposta Melhor
2025-07,Colaborador_1769,Recebimento,Desligado,Rep 1,Carga Horária
2025-07,Colaborador_3193,Recebimento,Desligado,Rep 1,Falta de Adaptação
2025-07,Colaborador_8246,Expedição,Ativo,Rep 2 (Talento),
2025-07,Colaborador_3079,Pique (Esforço),Desligado,Rep 1,Carga Horária
2025-07,Colaborador_7813,Pique (Esforço),Desligado,Rep 1,Falta de Adaptação
2025-07,Colaborador_1111,Pique (Esforço),Desligado,Rep 1,Baixo Desempenho
2025-07,Colaborador_7975,Pique (Esforço),Desligado,Rep 1,Falta de Adaptação
2025-07,Colaborador_1231,Pique (Esforço),Desligado,Rep 1,Carga Horária
2025-07,Colaborador_8624,Pique (Esforço),Ativo,Rep 1,
2025-07,Colaborador_1034,Recebimento,Desligado,Rep 1,Falta de Adaptação
2025-07,Colaborador_6663,Pique (Esforço),Ativo,Rep 1,
2025-07,Colaborador_9135,Pique (Esforço),Desligado,Rep 1,Falta de Adaptação
2025-07,Colaborador_7582,Pique (Esforço),Desligado,Rep 1,Falta de Adaptação
2025-07,Colaborador_8957,Expedição,Ativo,Rep 1,
2025-07,Colaborador_6887,Packing Resagos,Ativo,Rep 1,
2025-07,Colaborador_5662,Pique (Esforço),Ativo,Rep 1,
2025-07,Colaborador_7069,Pique (Esforço),Desligado,Rep 1,Baixo Desempenho
2025-07,Colaborador_1474,Recebimento,Ativo,Rep 1,
2025-07,Colaborador_6279,Expedição,Desligado,Rep 1,Baixo Desempenho
2025-07,Colaborador_4363,Expedição,Desligado,Rep 1,Falta de Adaptação
2025-07,Colaborador_3385,Recebimento,Ativo,Rep 1,
2025-07,Colaborador_3748,Pique (Esforço),Desligado,Rep 1,Proposta Melhor
2025-07,Colaborador_5509,Packing Resagos,Ativo,Rep 2 (Talento),
2025-07,Colaborador_3809,Expedição,Desligado,Rep 1,Carga Horária
2025-07,Colaborador_7078,Pique (Esforço),Desligado,Rep 1,Falta de Adaptação
2025-07,Colaborador_8206,Recebimento,Ativo,Rep 1,
2025-07,Colaborador_3478,Packing Resagos,Ativo,Rep 1,
2025-07,Colaborador_2699,Packing Resagos,Desligado,Rep 1,Proposta Melhor
2025-07,Colaborador_1638,Packing Resagos,Desligado,Rep 1,Baixo Desempenho
2025-07,Colaborador_3254,Pique (Esforço),Desligado,Rep 1,Proposta Melhor
2025-07,Colaborador_9197,Packing Resagos,Ativo,Rep 1,
2025-07,Colaborador_2493,Pique (Esforço),Ativo,Rep 1,
2025-07,Colaborador_5019,Packing Resagos,Ativo,Rep 1,
2025-07,Colaborador_6018,Pique (Esforço),Desligado,Rep 1,Baixo Desempenho
2025-07,Colaborador_5745,Pique (Esforço),Desligado,Rep 1,Proposta Melhor
2025-07,Colaborador_4382,Expedição,Ativo,Rep 1,
2025-07,Colaborador_7471,Packing Resagos,Desligado,Rep 1,Falta de Adaptação
2025-07,Colaborador_4553,Expedição,Ativo,Rep 1,
2025-07,Colaborador_3047,Packing Resagos,Desligado,Rep 1,Proposta Melhor
2025-07,Colaborador_3620,Pique (Esforço),Ativo,Rep 1,
2025-07,Colaborador_9209,Packing Resagos,Ativo,Rep 1,
2025-07,Colaborador_5948,Pique (Esforço),Ativo,Rep 1,
2025-07,Colaborador_3313,Expedição,Desligado,Rep 1,Carga Horária
2025-07,Colaborador_2875,Recebimento,Ativo,Rep 2 (Talento),
2025-07,Colaborador_5654,Packing Resagos,Desligado,Rep 1,Carga Horária
2025-07,Colaborador_5721,Packing Resagos,Ativo,Rep 1,
2025-07,Colaborador_5469,Pique (Esforço),Desligado,Rep 1,Falta de Adaptação
2025-07,Colaborador_1568,Pique (Esforço),Desligado,Rep 1,Falta de Adaptação
2025-07,Colaborador_2650,Recebimento,Desligado,Rep 1,Falta de Adaptação
2025-07,Colaborador_2989,Pique (Esforço),Ativo,Rep 2 (Talento),
2025-07,Colaborador_9225,Packing Resagos,Ativo,Rep 1,
2025-07,Colaborador_7588,Pique (Esforço),Desligado,Rep 1,Baixo Desempenho
2025-07,Colaborador_2761,Pique (Esforço),Desligado,Rep 1,Baixo Desempenho
2025-07,Colaborador_6098,Packing Resagos,Desligado,Rep 1,Carga Horária
2025-07,Colaborador_7998,Packing Resagos,Desligado,Rep 1,Carga Horária
2025-07,Colaborador_2481,Recebimento,Ativo,Rep 1,
2025-07,Colaborador_2357,Packing Resagos,Desligado,Rep 1,Baixo Desempenho
2025-07,Colaborador_2347,Expedição,Ativo,Rep 1,
2025-07,Colaborador_5366,Expedição,Ativo,Rep 1,
2025-07,Colaborador_8186,Expedição,Desligado,Rep 1,Baixo Desempenho
2025-07,Colaborador_1534,Packing Resagos,Ativo,Rep 1,
2025-07,Colaborador_8915,Pique (Esforço),Ativo,Rep 1,
2025-07,Colaborador_7475,Pique (Esforço),Desligado,Rep 1,Proposta Melhor
2025-07,Colaborador_9415,Pique (Esforço),Ativo,Rep 1,
2025-07,Colaborador_1285,Packing Resagos,Ativo,Rep 1,
2025-08,Colaborador_9898,Recebimento,Desligado,Rep 1,Proposta Melhor
2025-08,Colaborador_7539,Pique (Esforço),Desligado,Rep 1,Proposta Melhor
2025-08,Colaborador_7633,Packing Resagos,Ativo,Rep 1,
2025-08,Colaborador_1040,Pique (Esforço),Desligado,Rep 1,Falta de Adaptação
2025-08,Colaborador_2471,Pique (Esforço),Desligado,Rep 1,Carga Horária
2025-08,Colaborador_8933,Pique (Esforço),Desligado,Rep 1,Carga Horária
2025-08,Colaborador_5568,Expedição,Ativo,Rep 1,
2025-08,Colaborador_1894,Pique (Esforço),Ativo,Rep 1,
2025-08,Colaborador_5955,Packing Resagos,Desligado,Rep 1,Proposta Melhor
2025-08,Colaborador_5564,Pique (Esforço),Ativo,Rep 1,
2025-08,Colaborador_8125,Pique (Esforço),Ativo,Rep 1,
2025-08,Colaborador_5267,Pique (Esforço),Desligado,Rep 1,Proposta Melhor
2025-08,Colaborador_5378,Expedição,Ativo,Rep 1,
2025-08,Colaborador_2860,Pique (Esforço),Desligado,Rep 1,Baixo Desempenho
2025-08,Colaborador_9035,Packing Resagos,Desligado,Rep 1,Proposta Melhor
2025-08,Colaborador_3667,Packing Resagos,Ativo,Rep 1,
2025-08,Colaborador_6407,Packing Resagos,Ativo,Rep 2 (Talento),
2025-08,Colaborador_1276,Packing Resagos,Ativo,Rep 1,
2025-08,Colaborador_1481,Packing Resagos,Ativo,Rep 1,
2025-08,Colaborador_4610,Pique (Esforço),Ativo,Rep 1,
2025-08,Colaborador_3619,Expedição,Ativo,Rep 1,
2025-08,Colaborador_5250,Packing Resagos,Desligado,Rep 1,Falta de Adaptação
2025-08,Colaborador_5880,Pique (Esforço),Ativo,Rep 1,
2025-08,Colaborador_9260,Packing Resagos,Ativo,Rep 1,
2025-08,Colaborador_6649,Packing Resagos,Ativo,Rep 1,
2025-08,Colaborador_2307,Recebimento,Desligado,Rep 1,Baixo Desempenho
2025-08,Colaborador_7038,Pique (Esforço),Desligado,Rep 1,Falta de Adaptação
2025-08,Colaborador_6992,Pique (Esforço),Ativo,Rep 1,
2025-08,Colaborador_2361,Packing Resagos,Ativo,Rep 1,
2025-08,Colaborador_7371,Pique (Esforço),Ativo,Rep 1,
2025-08,Colaborador_5318,Packing Resagos,Desligado,Rep 1,Proposta Melhor
2025-08,Colaborador_2857,Packing Resagos,Desligado,Rep 1,Baixo Desempenho
2025-08,Colaborador_3837,Packing Resagos,Ativo,Rep 1,
2025-08,Colaborador_9019,Recebimento,Desligado,Rep 1,Proposta Melhor
2025-08,Colaborador_2712,Pique (Esforço),Ativo,Rep 1,
2025-08,Colaborador_4746,Recebimento,Ativo,Rep 1,
2025-08,Colaborador_1982,Expedição,Ativo,Rep 1,
2025-08,Colaborador_8155,Pique (Esforço),Desligado,Rep 1,Falta de Adaptação
2025-08,Colaborador_5724,Expedição,Desligado,Rep 1,Baixo Desempenho
2025-08,Colaborador_8247,Pique (Esforço),Desligado,Rep 1,Falta de Adaptação
2025-08,Colaborador_4414,Pique (Esforço),Desligado,Rep 1,Proposta Melhor
2025-08,Colaborador_7064,Pique (Esforço),Ativo,Rep 1,
2025-08,Colaborador_5348,Pique (Esforço),Desligado,Rep 1,Baixo Desempenho
2025-08,Colaborador_8951,Expedição,Desligado,Rep 1,Carga Horária
2025-08,Colaborador_5669,Expedição,Desligado,Rep 1,Proposta Melhor
2025-08,Colaborador_4152,Pique (Esforço),Ativo,Rep 1,
2025-08,Colaborador_7547,Packing Resagos,Desligado,Rep 1,Carga Horária
2025-08,Colaborador_8881,Pique (Esforço),Desligado,Rep 1,Falta de Adaptação
2025-08,Colaborador_5647,Expedição,Desligado,Rep 1,Falta de Adaptação
2025-08,Colaborador_1343,Pique (Esforço),Desligado,Rep 1,Carga Horária
2025-08,Colaborador_3597,Pique (Esforço),Desligado,Rep 1,Baixo Desempenho
2025-08,Colaborador_8470,Expedição,Ativo,Rep 1,
2025-08,Colaborador_9966,Recebimento,Ativo,Rep 1,
2025-08,Colaborador_9677,Pique (Esforço),Ativo,Rep 1,
2025-08,Colaborador_9064,Packing Resagos,Desligado,Rep 1,Falta de Adaptação
2025-08,Colaborador_5083,Recebimento,Ativo,Rep 1,
2025-08,Colaborador_6209,Recebimento,Ativo,Rep 1,
2025-08,Colaborador_2413,Pique (Esforço),Desligado,Rep 1,Baixo Desempenho
2025-08,Colaborador_5012,Packing Resagos,Ativo,Rep 1,
2025-08,Colaborador_1153,Packing Resagos,Ativo,Rep 1,
2025-08,Colaborador_9579,Packing Resagos,Ativo,Rep 1,
2025-08,Colaborador_1577,Packing Resagos,Desligado,Rep 1,Carga Horária
2025-08,Colaborador_8811,Packing Resagos,Ativo,Rep 1,
2025-08,Colaborador_2735,Packing Resagos,Ativo,Rep 1,
2025-08,Colaborador_1962,Packing Resagos,Desligado,Rep 1,Baixo Desempenho
2025-08,Colaborador_9842,Packing Resagos,Ativo,Rep 1,
2025-08,Colaborador_5432,Recebimento,Desligado,Rep 1,Proposta Melhor
2025-08,Colaborador_9200,Packing Resagos,Ativo,Rep 1,
2025-08,Colaborador_3430,Packing Resagos,Ativo,Rep 1,
2025-08,Colaborador_2005,Recebimento,Desligado,Rep 1,Proposta Melhor
2025-08,Colaborador_3800,Pique (Esforço),Desligado,Rep 1,Falta de Adaptação
2025-08,Colaborador_8464,Expedição,Desligado,Rep 1,Falta de Adaptação
2025-08,Colaborador_4317,Pique (Esforço),Desligado,Rep 1,Falta de Adaptação
2025-08,Colaborador_7602,Pique (Esforço),Ativo,Rep 1,
2025-08,Colaborador_9149,Expedição,Ativo,Rep 1,
2025-08,Colaborador_7184,Recebimento,Ativo,Rep 1,
2025-08,Colaborador_6453,Pique (Esforço),Desligado,Rep 1,Falta de Adaptação
2025-08,Colaborador_4729,Recebimento,Ativo,Rep 1,
2025-08,Colaborador_9783,Expedição,Desligado,Rep 1,Carga Horária
2025-08,Colaborador_5220,Pique (Esforço),Desligado,Rep 1,Carga Horária
2025-08,Colaborador_4315,Expedição,Ativo,Rep 2 (Talento),
2025-08,Colaborador_7170,Recebimento,Ativo,Rep 1,
2025-09,Colaborador_8092,Recebimento,Desligado,Rep 1,Baixo Desempenho
2025-09,Colaborador_6889,Packing Resagos,Ativo,Rep 1,
2025-09,Colaborador_9444,Pique (Esforço),Ativo,Rep 1,
2025-09,Colaborador_7809,Expedição,Ativo,Rep 1,
2025-09,Colaborador_6962,Packing Resagos,Ativo,Rep 1,
2025-09,Colaborador_9401,Expedição,Desligado,Rep 1,Baixo Desempenho
2025-09,Colaborador_8885,Expedição,Ativo,Rep 1,
2025-09,Colaborador_2631,Packing Resagos,Ativo,Rep 1,
2025-09,Colaborador_5706,Pique (Esforço),Desligado,Rep 1,Baixo Desempenho
2025-09,Colaborador_1766,Packing Resagos,Desligado,Rep 1,Proposta Melhor
2025-09,Colaborador_3304,Pique (Esforço),Desligado,Rep 1,Carga Horária
2025-09,Colaborador_6737,Expedição,Ativo,Rep 1,
2025-09,Colaborador_9962,Pique (Esforço),Ativo,Rep 1,
2025-09,Colaborador_4680,Pique (Esforço),Ativo,Rep 1,
2025-09,Colaborador_8694,Expedição,Ativo,Rep 1,
2025-09,Colaborador_9065,Expedição,Ativo,Rep 1,
2025-09,Colaborador_4780,Pique (Esforço),Desligado,Rep 1,Carga Horária
2025-09,Colaborador_9728,Expedição,Ativo,Rep 1,
2025-09,Colaborador_9348,Packing Resagos,Ativo,Rep 1,
2025-09,Colaborador_8635,Pique (Esforço),Desligado,Rep 1,Falta de Adaptação
2025-09,Colaborador_8499,Recebimento,Desligado,Rep 1,Proposta Melhor
2025-09,Colaborador_9026,Packing Resagos,Ativo,Rep 1,
2025-09,Colaborador_4843,Pique (Esforço),Desligado,Rep 1,Baixo Desempenho
2025-09,Colaborador_7737,Pique (Esforço),Desligado,Rep 1,Proposta Melhor
2025-09,Colaborador_6669,Packing Resagos,Desligado,Rep 1,Proposta Melhor
2025-09,Colaborador_7998,Pique (Esforço),Desligado,Rep 1,Carga Horária
2025-09,Colaborador_6815,Pique (Esforço),Desligado,Rep 1,Proposta Melhor
2025-09,Colaborador_1380,Pique (Esforço),Desligado,Rep 1,Carga Horária
2025-09,Colaborador_6385,Expedição,Desligado,Rep 1,Baixo Desempenho
2025-09,Colaborador_4096,Packing Resagos,Desligado,Rep 1,Proposta Melhor
2025-09,Colaborador_7496,Pique (Esforço),Ativo,Rep 1,
2025-09,Colaborador_2518,Recebimento,Desligado,Rep 1,Falta de Adaptação
2025-09,Colaborador_9752,Recebimento,Ativo,Rep 1,
2025-09,Colaborador_1495,Packing Resagos,Desligado,Rep 1,Baixo Desempenho
2025-09,Colaborador_3112,Pique (Esforço),Desligado,Rep 1,Falta de Adaptação
2025-09,Colaborador_3860,Packing Resagos,Ativo,Rep 1,
2025-09,Colaborador_9691,Pique (Esforço),Ativo,Rep 1,
2025-09,Colaborador_3683,Recebimento,Ativo,Rep 1,
2025-09,Colaborador_4631,Packing Resagos,Desligado,Rep 1,Carga Horária
2025-09,Colaborador_8464,Expedição,Ativo,Rep 1,
2025-09,Colaborador_4982,Packing Resagos,Desligado,Rep 1,Falta de Adaptação
2025-09,Colaborador_4573,Pique (Esforço),Desligado,Rep 1,Proposta Melhor
2025-09,Colaborador_3111,Recebimento,Desligado,Rep 1,Carga Horária
2025-09,Colaborador_3756,Packing Resagos,Desligado,Rep 1,Falta de Adaptação
2025-09,Colaborador_7332,Pique (Esforço),Desligado,Rep 1,Falta de Adaptação
2025-09,Colaborador_6366,Pique (Esforço),Desligado,Rep 1,Falta de Adaptação
2025-09,Colaborador_2021,Pique (Esforço),Desligado,Rep 1,Carga Horária
2025-09,Colaborador_2850,Packing Resagos,Ativo,Rep 1,
2025-09,Colaborador_2148,Expedição,Ativo,Rep 1,
2025-09,Colaborador_6080,Pique (Esforço),Desligado,Rep 1,Carga Horária
2025-09,Colaborador_2946,Pique (Esforço),Desligado,Rep 1,Proposta Melhor
2025-09,Colaborador_1705,Recebimento,Desligado,Rep 1,Carga Horária
2025-09,Colaborador_1951,Pique (Esforço),Desligado,Rep 1,Carga Horária
2025-09,Colaborador_7469,Pique (Esforço),Desligado,Rep 1,Falta de Adaptação
2025-09,Colaborador_7352,Packing Resagos,Ativo,Rep 1,
2025-09,Colaborador_1320,Packing Resagos,Desligado,Rep 1,Proposta Melhor
2025-09,Colaborador_7726,Packing Resagos,Ativo,Rep 1,
2025-09,Colaborador_3870,Pique (Esforço),Ativo,Rep 1,
2025-09,Colaborador_7401,Pique (Esforço),Ativo,Rep 1,
2025-09,Colaborador_1492,Packing Resagos,Desligado,Rep 1,Falta de Adaptação
2025-09,Colaborador_9559,Pique (Esforço),Desligado,Rep 1,Falta de Adaptação
2025-09,Colaborador_2785,Pique (Esforço),Desligado,Rep 1,Baixo Desempenho
2025-09,Colaborador_3068,Packing Resagos,Desligado,Rep 1,Carga Horária
2025-09,Colaborador_1533,Expedição,Ativo,Rep 1,
2025-09,Colaborador_7877,Recebimento,Ativo,Rep 1,
2025-09,Colaborador_9105,Expedição,Ativo,Rep 1,
2025-09,Colaborador_7807,Packing Resagos,Desligado,Rep 1,Carga Horária
2025-09,Colaborador_3326,Recebimento,Desligado,Rep 1,Proposta Melhor
2025-09,Colaborador_7016,Packing Resagos,Desligado,Rep 1,Carga Horária
2025-09,Colaborador_2861,Expedição,Ativo,Rep 1,
2025-09,Colaborador_4631,Pique (Esforço),Desligado,Rep 1,Proposta Melhor
2025-09,Colaborador_8890,Expedição,Desligado,Rep 1,Proposta Melhor
2025-09,Colaborador_8764,Recebimento,Desligado,Rep 1,Carga Horária
2025-09,Colaborador_1815,Packing Resagos,Ativo,Rep 1,
2025-09,Colaborador_8510,Pique (Esforço),Desligado,Rep 1,Carga Horária
2025-09,Colaborador_9300,Expedição,Ativo,Rep 1,
2025-09,Colaborador_2381,Packing Resagos,Desligado,Rep 1,Baixo Desempenho
2025-09,Colaborador_1855,Pique (Esforço),Desligado,Rep 1,Falta de Adaptação
2025-09,Colaborador_9385,Recebimento,Desligado,Rep 1,Carga Horária
2025-09,Colaborador_6979,Expedição,Ativo,Rep 1,
2025-09,Colaborador_8606,Pique (Esforço),Desligado,Rep 1,Carga Horária
2025-09,Colaborador_3744,Recebimento,Ativo,Rep 1,
2025-09,Colaborador_9979,Pique (Esforço),Desligado,Rep 1,Carga Horária
2025-09,Colaborador_7825,Pique (Esforço),Desligado,Rep 1,Proposta Melhor
2025-09,Colaborador_1715,Pique (Esforço),Desligado,Rep 1,Proposta Melhor
2025-09,Colaborador_2543,Packing Resagos,Desligado,Rep 1,Baixo Desempenho
2025-09,Colaborador_7964,Pique (Esforço),Desligado,Rep 1,Falta de Adaptação
2025-09,Colaborador_9993,Pique (Esforço),Desligado,Rep 1,Baixo Desempenho
2025-09,Colaborador_4995,Pique (Esforço),Desligado,Rep 1,Proposta Melhor
2025-09,Colaborador_4294,Expedição,Ativo,Rep 1,
2025-09,Colaborador_7295,Pique (Esforço),Desligado,Rep 1,Proposta Melhor
2025-09,Colaborador_1736,Pique (Esforço),Ativo,Rep 1,
2025-09,Colaborador_7592,Expedição,Ativo,Rep 1,
2025-09,Colaborador_4574,Packing Resagos,Ativo,Rep 1,
2025-09,Colaborador_1490,Recebimento,Ativo,Rep 1,
2025-09,Colaborador_5624,Recebimento,Ativo,Rep 1,
2025-09,Colaborador_3533,Expedição,Desligado,Rep 1,Falta de Adaptação
2025-09,Colaborador_7254,Pique (Esforço),Desligado,Rep 1,Falta de Adaptação
2025-09,Colaborador_9150,Packing Resagos,Ativo,Rep 1,
2025-09,Colaborador_5742,Expedição,Desligado,Rep 1,Falta de Adaptação
2025-09,Colaborador_5318,Packing Resagos,Desligado,Rep 1,Falta de Adaptação
2025-09,Colaborador_2048,Recebimento,Desligado,Rep 1,Baixo Desempenho
2025-09,Colaborador_2654,Pique (Esforço),Ativo,Rep 1,
2025-09,Colaborador_6572,Pique (Esforço),Ativo,Rep 1,
2025-09,Colaborador_9845,Expedição,Ativo,Rep 1,
2025-09,Colaborador_2896,Packing Resagos,Desligado,Rep 1,Carga Horária
2025-09,Colaborador_5646,Pique (Esforço),Desligado,Rep 1,Carga Horária
2025-09,Colaborador_4437,Expedição,Ativo,Rep 1,
2025-09,Colaborador_4105,Pique (Esforço),Desligado,Rep 1,Proposta Melhor
2025-09,Colaborador_3708,Pique (Esforço),Desligado,Rep 1,Falta de Adaptação
2025-09,Colaborador_6053,Packing Resagos,Desligado,Rep 1,Falta de Adaptação
2025-10,Colaborador_3953,Packing Resagos,Desligado,Rep 1,Carga Horária
2025-10,Colaborador_7187,Recebimento,Desligado,Rep 1,Falta de Adaptação
2025-10,Colaborador_2212,Pique (Esforço),Desligado,Rep 1,Falta de Adaptação
2025-10,Colaborador_3294,Pique (Esforço),Desligado,Rep 1,Proposta Melhor
2025-10,Colaborador_7828,Packing Resagos,Desligado,Rep 1,Carga Horária
2025-10,Colaborador_5410,Pique (Esforço),Desligado,Rep 1,Proposta Melhor
2025-10,Colaborador_8808,Recebimento,Desligado,Rep 1,Falta de Adaptação
2025-10,Colaborador_6294,Pique (Esforço),Desligado,Rep 1,Baixo Desempenho
2025-10,Colaborador_6191,Packing Resagos,Desligado,Rep 1,Falta de Adaptação
2025-10,Colaborador_7909,Recebimento,Desligado,Rep 1,Baixo Desempenho
2025-10,Colaborador_3664,Pique (Esforço),Desligado,Rep 1,Baixo Desempenho
2025-10,Colaborador_1064,Recebimento,Desligado,Rep 1,Baixo Desempenho
2025-10,Colaborador_4399,Packing Resagos,Desligado,Rep 1,Carga Horária
2025-10,Colaborador_8388,Pique (Esforço),Desligado,Rep 1,Baixo Desempenho
2025-10,Colaborador_1079,Recebimento,Ativo,Rep 1,
2025-10,Colaborador_5572,Expedição,Desligado,Rep 1,Proposta Melhor
2025-10,Colaborador_3586,Pique (Esforço),Desligado,Rep 1,Baixo Desempenho
2025-10,Colaborador_1039,Pique (Esforço),Desligado,Rep 1,Proposta Melhor
2025-10,Colaborador_3574,Pique (Esforço),Desligado,Rep 1,Proposta Melhor
2025-10,Colaborador_1084,Pique (Esforço),Desligado,Rep 1,Falta de Adaptação
2025-10,Colaborador_9355,Packing Resagos,Desligado,Rep 1,Baixo Desempenho
2025-10,Colaborador_5275,Packing Resagos,Desligado,Rep 1,Baixo Desempenho
2025-10,Colaborador_9074,Pique (Esforço),Ativo,Rep 1,
2025-10,Colaborador_3967,Packing Resagos,Desligado,Rep 1,Carga Horária
2025-10,Colaborador_7660,Pique (Esforço),Desligado,Rep 1,Baixo Desempenho
2025-10,Colaborador_7662,Recebimento,Desligado,Rep 1,Falta de Adaptação
2025-10,Colaborador_9364,Packing Resagos,Ativo,Rep 1,
2025-10,Colaborador_2149,Recebimento,Desligado,Rep 1,Carga Horária
2025-10,Colaborador_8888,Pique (Esforço),Desligado,Rep 1,Carga Horária
2025-10,Colaborador_1691,Pique (Esforço),Desligado,Rep 1,Carga Horária
2025-10,Colaborador_3966,Pique (Esforço),Desligado,Rep 1,Proposta Melhor
2025-10,Colaborador_2348,Pique (Esforço),Desligado,Rep 1,Carga Horária
2025-10,Colaborador_5971,Packing Resagos,Ativo,Rep 1,
2025-10,Colaborador_6003,Pique (Esforço),Desligado,Rep 1,Baixo Desempenho
2025-10,Colaborador_7703,Pique (Esforço),Desligado,Rep 1,Baixo Desempenho
2025-10,Colaborador_9331,Packing Resagos,Desligado,Rep 1,Proposta Melhor
2025-10,Colaborador_1642,Packing Resagos,Desligado,Rep 1,Carga Horária
2025-10,Colaborador_7469,Pique (Esforço),Desligado,Rep 1,Baixo Desempenho
2025-10,Colaborador_9777,Packing Resagos,Ativo,Rep 1,
2025-10,Colaborador_4717,Pique (Esforço),Desligado,Rep 1,Proposta Melhor
2025-10,Colaborador_5234,Expedição,Ativo,Rep 1,
2025-10,Colaborador_2092,Pique (Esforço),Desligado,Rep 1,Proposta Melhor
2025-10,Colaborador_9380,Pique (Esforço),Desligado,Rep 1,Falta de Adaptação
2025-10,Colaborador_7629,Packing Resagos,Desligado,Rep 1,Falta de Adaptação
2025-10,Colaborador_7250,Pique (Esforço),Desligado,Rep 1,Carga Horária
2025-10,Colaborador_7324,Recebimento,Desligado,Rep 1,Carga Horária
2025-10,Colaborador_3638,Pique (Esforço),Desligado,Rep 1,Falta de Adaptação
2025-10,Colaborador_2159,Pique (Esforço),Desligado,Rep 1,Proposta Melhor
2025-10,Colaborador_6727,Expedição,Ativo,Rep 1,
2025-10,Colaborador_5568,Expedição,Desligado,Rep 1,Carga Horária
2025-10,Colaborador_4734,Recebimento,Desligado,Rep 1,Proposta Melhor
2025-10,Colaborador_6665,Packing Resagos,Desligado,Rep 1,Carga Horária
2025-10,Colaborador_8299,Expedição,Ativo,Rep 1,
2025-10,Colaborador_4863,Pique (Esforço),Ativo,Rep 1,
2025-10,Colaborador_6718,Pique (Esforço),Ativo,Rep 1,
2025-10,Colaborador_8082,Pique (Esforço),Desligado,Rep 1,Carga Horária
2025-10,Colaborador_7622,Pique (Esforço),Desligado,Rep 1,Baixo Desempenho
2025-10,Colaborador_2494,Recebimento,Ativo,Rep 1,
2025-10,Colaborador_7945,Packing Resagos,Desligado,Rep 1,Falta de Adaptação
2025-10,Colaborador_3102,Pique (Esforço),Desligado,Rep 1,Carga Horária
2025-10,Colaborador_8778,Packing Resagos,Ativo,Rep 1,
2025-10,Colaborador_7378,Pique (Esforço),Desligado,Rep 1,Baixo Desempenho
2025-10,Colaborador_5748,Pique (Esforço),Desligado,Rep 1,Carga Horária
2025-10,Colaborador_2632,Pique (Esforço),Ativo,Rep 1,
2025-10,Colaborador_7279,Expedição,Desligado,Rep 1,Carga Horária
2025-10,Colaborador_4024,Recebimento,Ativo,Rep 1,
2025-10,Colaborador_5919,Packing Resagos,Desligado,Rep 1,Baixo Desempenho
2025-10,Colaborador_3479,Pique (Esforço),Desligado,Rep 1,Proposta Melhor
2025-10,Colaborador_9149,Pique (Esforço),Desligado,Rep 1,Carga Horária
2025-10,Colaborador_1063,Recebimento,Desligado,Rep 1,Proposta Melhor
2025-10,Colaborador_3806,Expedição,Ativo,Rep 1,
2025-10,Colaborador_9351,Pique (Esforço),Desligado,Rep 1,Baixo Desempenho
2025-10,Colaborador_4469,Packing Resagos,Desligado,Rep 1,Carga Horária
2025-10,Colaborador_2177,Packing Resagos,Ativo,Rep 1,
2025-10,Colaborador_5563,Recebimento,Ativo,Rep 1,
2025-10,Colaborador_5482,Packing Resagos,Ativo,Rep 1,
2025-10,Colaborador_7367,Pique (Esforço),Desligado,Rep 1,Baixo Desempenho
2025-10,Colaborador_8897,Recebimento,Desligado,Rep 1,Falta de Adaptação
2025-10,Colaborador_7566,Pique (Esforço),Desligado,Rep 1,Proposta Melhor
2025-10,Colaborador_5222,Pique (Esforço),Desligado,Rep 1,Falta de Adaptação
2025-10,Colaborador_4408,Packing Resagos,Ativo,Rep 1,
2025-10,Colaborador_2767,Pique (Esforço),Desligado,Rep 1,Carga Horária
2025-10,Colaborador_2374,Packing Resagos,Ativo,Rep 1,
2025-10,Colaborador_6511,Pique (Esforço),Ativo,Rep 1,
2025-10,Colaborador_8030,Pique (Esforço),Ativo,Rep 1,
2025-10,Colaborador_5150,Pique (Esforço),Desligado,Rep 1,Baixo Desempenho
2025-10,Colaborador_8118,Recebimento,Desligado,Rep 1,Proposta Melhor
2025-10,Colaborador_1768,Recebimento,Desligado,Rep 1,Carga Horária
2025-10,Colaborador_7899,Packing Resagos,Desligado,Rep 1,Carga Horária
2025-10,Colaborador_9617,Packing Resagos,Ativo,Rep 1,
2025-10,Colaborador_3807,Pique (Esforço),Desligado,Rep 1,Falta de Adaptação
2025-10,Colaborador_6385,Expedição,Ativo,Rep 1,
2025-10,Colaborador_6149,Expedição,Desligado,Rep 1,Falta de Adaptação
2025-10,Colaborador_6963,Pique (Esforço),Desligado,Rep 1,Proposta Melhor
2025-10,Colaborador_8819,Recebimento,Desligado,Rep 1,Falta de Adaptação
2025-10,Colaborador_2274,Expedição,Ativo,Rep 1,
2025-10,Colaborador_9809,Pique (Esforço),Desligado,Rep 1,Baixo Desempenho
2025-10,Colaborador_1921,Expedição,Desligado,Rep 1,Falta de Adaptação
2025-10,Colaborador_4232,Packing Resagos,Desligado,Rep 1,Baixo Desempenho
2025-10,Colaborador_3325,Pique (Esforço),Desligado,Rep 1,Baixo Desempenho
2025-10,Colaborador_3495,Packing Resagos,Ativo,Rep 1,
2025-10,Colaborador_2235,Recebimento,Desligado,Rep 1,Baixo Desempenho
2025-10,Colaborador_6447,Pique (Esforço),Desligado,Rep 1,Baixo Desempenho
2025-10,Colaborador_2406,Packing Resagos,Desligado,Rep 1,Falta de Adaptação
2025-10,Colaborador_1961,Pique (Esforço),Desligado,Rep 1,Falta de Adaptação
2025-10,Colaborador_1188,Expedição,Desligado,Rep 1,Baixo Desempenho
2025-10,Colaborador_1945,Pique (Esforço),Desligado,Rep 1,Proposta Melhor
2025-10,Colaborador_4505,Pique (Esforço),Desligado,Rep 1,Carga Horária
2025-10,Colaborador_2522,Pique (Esforço),Desligado,Rep 1,Falta de Adaptação
2025-10,Colaborador_6993,Expedição,Ativo,Rep 1,
2025-10,Colaborador_4447,Expedição,Desligado,Rep 1,Baixo Desempenho
2025-10,Colaborador_1862,Expedição,Ativo,Rep 1,
2025-10,Colaborador_3486,Packing Resagos,Desligado,Rep 1,Proposta Melhor
2025-10,Colaborador_5105,Packing Resagos,Desligado,Rep 1,Proposta Melhor
2025-10,Colaborador_6854,Packing Resagos,Ativo,Rep 1,
2025-10,Colaborador_6736,Pique (Esforço),Desligado,Rep 1,Baixo Desempenho
2025-10,Colaborador_3106,Recebimento,Ativo,Rep 1,
2025-10,Colaborador_2211,Packing Resagos,Desligado,Rep 1,Falta de Adaptação
2025-11,Colaborador_5863,Pique (Esforço),Ativo,Rep 1,
2025-11,Colaborador_3123,Packing Resagos,Desligado,Rep 1,Falta de Adaptação
2025-11,Colaborador_4640,Pique (Esforço),Desligado,Rep 1,Baixo Desempenho
2025-11,Colaborador_8402,Recebimento,Desligado,Rep 1,Carga Horária
2025-11,Colaborador_5888,Recebimento,Ativo,Rep 1,
2025-11,Colaborador_7375,Pique (Esforço),Desligado,Rep 1,Baixo Desempenho
2025-11,Colaborador_8892,Pique (Esforço),Desligado,Rep 1,Baixo Desempenho
2025-11,Colaborador_9390,Pique (Esforço),Ativo,Rep 1,
2025-11,Colaborador_8664,Pique (Esforço),Desligado,Rep 1,Proposta Melhor
2025-11,Colaborador_4633,Pique (Esforço),Desligado,Rep 1,Proposta Melhor
2025-11,Colaborador_2190,Packing Resagos,Desligado,Rep 1,Proposta Melhor
2025-11,Colaborador_8339,Packing Resagos,Ativo,Rep 1,
2025-11,Colaborador_7004,Pique (Esforço),Desligado,Rep 1,Falta de Adaptação
2025-11,Colaborador_1138,Recebimento,Desligado,Rep 1,Falta de Adaptação
2025-11,Colaborador_4364,Pique (Esforço),Desligado,Rep 1,Carga Horária
2025-11,Colaborador_1896,Recebimento,Desligado,Rep 1,Falta de Adaptação
2025-11,Colaborador_7196,Recebimento,Ativo,Rep 1,
2025-11,Colaborador_3066,Pique (Esforço),Desligado,Rep 1,Falta de Adaptação
2025-11,Colaborador_8799,Pique (Esforço),Desligado,Rep 1,Proposta Melhor
2025-11,Colaborador_2033,Packing Resagos,Desligado,Rep 1,Carga Horária
2025-11,Colaborador_4744,Packing Resagos,Desligado,Rep 1,Carga Horária
2025-11,Colaborador_9101,Expedição,Desligado,Rep 1,Falta de Adaptação
2025-11,Colaborador_3159,Packing Resagos,Desligado,Rep 1,Proposta Melhor
2025-11,Colaborador_8971,Packing Resagos,Desligado,Rep 1,Baixo Desempenho
2025-11,Colaborador_5109,Packing Resagos,Ativo,Rep 1,
2025-11,Colaborador_3209,Pique (Esforço),Desligado,Rep 1,Falta de Adaptação
2025-11,Colaborador_9759,Pique (Esforço),Ativo,Rep 1,
2025-11,Colaborador_7158,Packing Resagos,Desligado,Rep 1,Baixo Desempenho
2025-11,Colaborador_4619,Pique (Esforço),Desligado,Rep 1,Falta de Adaptação
2025-11,Colaborador_6348,Packing Resagos,Desligado,Rep 1,Baixo Desempenho
2025-11,Colaborador_6389,Packing Resagos,Ativo,Rep 1,
2025-11,Colaborador_2812,Pique (Esforço),Ativo,Rep 1,
2025-11,Colaborador_1578,Packing Resagos,Desligado,Rep 1,Falta de Adaptação
2025-11,Colaborador_2287,Recebimento,Desligado,Rep 1,Baixo Desempenho
2025-11,Colaborador_2979,Packing Resagos,Ativo,Rep 1,
2025-11,Colaborador_4192,Packing Resagos,Desligado,Rep 1,Baixo Desempenho
2025-11,Colaborador_5110,Expedição,Desligado,Rep 1,Falta de Adaptação
2025-11,Colaborador_4304,Recebimento,Desligado,Rep 1,Baixo Desempenho
2025-11,Colaborador_2213,Pique (Esforço),Ativo,Rep 1,
2025-11,Colaborador_9574,Pique (Esforço),Desligado,Rep 1,Proposta Melhor
2025-11,Colaborador_1800,Pique (Esforço),Desligado,Rep 1,Carga Horária
2025-11,Colaborador_8526,Pique (Esforço),Desligado,Rep 1,Falta de Adaptação
2025-11,Colaborador_8320,Pique (Esforço),Desligado,Rep 1,Proposta Melhor
2025-11,Colaborador_6654,Expedição,Desligado,Rep 1,Proposta Melhor
2025-11,Colaborador_8027,Pique (Esforço),Desligado,Rep 1,Proposta Melhor
2025-11,Colaborador_6343,Expedição,Desligado,Rep 1,Carga Horária
2025-11,Colaborador_4202,Packing Resagos,Ativo,Rep 1,
2025-11,Colaborador_1016,Pique (Esforço),Desligado,Rep 1,Falta de Adaptação
2025-11,Colaborador_1896,Recebimento,Desligado,Rep 1,Falta de Adaptação
2025-11,Colaborador_6876,Expedição,Ativo,Rep 1,
2025-11,Colaborador_1915,Packing Resagos,Ativo,Rep 1,
2025-11,Colaborador_1352,Expedição,Desligado,Rep 1,Baixo Desempenho
2025-11,Colaborador_2585,Recebimento,Ativo,Rep 1,
2025-11,Colaborador_3916,Pique (Esforço),Desligado,Rep 1,Baixo Desempenho
2025-11,Colaborador_3597,Expedição,Ativo,Rep 1,
2025-11,Colaborador_9421,Pique (Esforço),Desligado,Rep 1,Proposta Melhor
2025-11,Colaborador_3342,Pique (Esforço),Desligado,Rep 1,Carga Horária
2025-11,Colaborador_3086,Packing Resagos,Desligado,Rep 1,Baixo Desempenho
2025-11,Colaborador_7170,Packing Resagos,Desligado,Rep 1,Proposta Melhor
2025-11,Colaborador_5600,Pique (Esforço),Desligado,Rep 1,Carga Horária
2025-11,Colaborador_4472,Pique (Esforço),Desligado,Rep 1,Carga Horária
2025-11,Colaborador_4770,Pique (Esforço),Desligado,Rep 1,Proposta Melhor
2025-11,Colaborador_2210,Pique (Esforço),Desligado,Rep 1,Falta de Adaptação
2025-11,Colaborador_8857,Pique (Esforço),Desligado,Rep 1,Carga Horária
2025-11,Colaborador_2411,Expedição,Ativo,Rep 1,
2025-11,Colaborador_3604,Packing Resagos,Ativo,Rep 1,
2025-11,Colaborador_7607,Recebimento,Desligado,Rep 1,Baixo Desempenho
2025-11,Colaborador_8818,Pique (Esforço),Desligado,Rep 1,Carga Horária
2025-11,Colaborador_4801,Packing Resagos,Ativo,Rep 1,
2025-11,Colaborador_7773,Recebimento,Desligado,Rep 1,Falta de Adaptação
2025-11,Colaborador_4442,Pique (Esforço),Desligado,Rep 1,Carga Horária
2025-11,Colaborador_1057,Expedição,Ativo,Rep 1,
2025-11,Colaborador_2252,Packing Resagos,Desligado,Rep 1,Baixo Desempenho
2025-11,Colaborador_8435,Expedição,Ativo,Rep 1,
2025-11,Colaborador_9883,Pique (Esforço),Desligado,Rep 1,Baixo Desempenho
2025-11,Colaborador_6799,Pique (Esforço),Desligado,Rep 1,Carga Horária
2025-11,Colaborador_1841,Recebimento,Ativo,Rep 1,
2025-11,Colaborador_2329,Expedição,Desligado,Rep 1,Proposta Melhor
2025-11,Colaborador_7804,Pique (Esforço),Desligado,Rep 1,Proposta Melhor
2025-11,Colaborador_7810,Pique (Esforço),Desligado,Rep 1,Baixo Desempenho
2025-11,Colaborador_7658,Packing Resagos,Ativo,Rep 1,
2025-11,Colaborador_7215,Pique (Esforço),Desligado,Rep 1,Baixo Desempenho
2025-11,Colaborador_5097,Pique (Esforço),Desligado,Rep 1,Falta de Adaptação
2025-11,Colaborador_1697,Packing Resagos,Desligado,Rep 1,Proposta Melhor
2025-11,Colaborador_4754,Packing Resagos,Ativo,Rep 1,
2025-11,Colaborador_7428,Pique (Esforço),Desligado,Rep 1,Proposta Melhor
2025-11,Colaborador_6648,Pique (Esforço),Desligado,Rep 1,Baixo Desempenho
2025-11,Colaborador_1982,Pique (Esforço),Desligado,Rep 1,Falta de Adaptação
2025-11,Colaborador_7614,Expedição,Desligado,Rep 1,Baixo Desempenho
2025-11,Colaborador_3559,Pique (Esforço),Desligado,Rep 1,Proposta Melhor
2025-11,Colaborador_9597,Packing Resagos,Desligado,Rep 1,Falta de Adaptação
2025-11,Colaborador_2912,Expedição,Desligado,Rep 1,Proposta Melhor
2025-11,Colaborador_8173,Packing Resagos,Ativo,Rep 1,
2025-11,Colaborador_7498,Recebimento,Desligado,Rep 1,Proposta Melhor
2025-11,Colaborador_6610,Pique (Esforço),Ativo,Rep 1,
2025-11,Colaborador_5917,Pique (Esforço),Desligado,Rep 1,Proposta Melhor
2025-11,Colaborador_6656,Packing Resagos,Desligado,Rep 1,Proposta Melhor
2025-11,Colaborador_4151,Packing Resagos,Desligado,Rep 1,Falta de Adaptação
2025-11,Colaborador_3208,Recebimento,Desligado,Rep 1,Falta de Adaptação
2025-11,Colaborador_9740,Pique (Esforço),Desligado,Rep 1,Falta de Adaptação
2025-11,Colaborador_6798,Packing Resagos,Ativo,Rep 1,
2025-11,Colaborador_8540,Packing Resagos,Ativo,Rep 1,
2025-11,Colaborador_8718,Pique (Esforço),Desligado,Rep 1,Carga Horária
2025-11,Colaborador_4820,Packing Resagos,Desligado,Rep 1,Proposta Melhor
2025-11,Colaborador_6905,Recebimento,Ativo,Rep 1,
2025-11,Colaborador_9377,Packing Resagos,Ativo,Rep 1,
2025-11,Colaborador_1856,Expedição,Desligado,Rep 1,Carga Horária
2025-11,Colaborador_3922,Packing Resagos,Ativo,Rep 1,
2025-11,Colaborador_4404,Pique (Esforço),Desligado,Rep 1,Baixo Desempenho
2025-11,Colaborador_2244,Recebimento,Desligado,Rep 1,Falta de Adaptação
2025-11,Colaborador_2498,Pique (Esforço),Desligado,Rep 1,Carga Horária
2025-12,Colaborador_8769,Packing Resagos,Ativo,Rep 1,
2025-12,Colaborador_8884,Pique (Esforço),Desligado,Rep 1,Falta de Adaptação
2025-12,Colaborador_5908,Expedição,Ativo,Rep 1,
2025-12,Colaborador_3320,Expedição,Desligado,Rep 1,Carga Horária
2025-12,Colaborador_2195,Pique (Esforço),Desligado,Rep 1,Proposta Melhor
2025-12,Colaborador_4142,Packing Resagos,Desligado,Rep 1,Baixo Desempenho
2025-12,Colaborador_9271,Pique (Esforço),Ativo,Rep 1,
2025-12,Colaborador_1570,Pique (Esforço),Desligado,Rep 1,Baixo Desempenho
2025-12,Colaborador_8623,Pique (Esforço),Desligado,Rep 1,Falta de Adaptação
2025-12,Colaborador_5861,Recebimento,Ativo,Rep 1,
2025-12,Colaborador_6840,Pique (Esforço),Desligado,Rep 1,Proposta Melhor
2025-12,Colaborador_3641,Packing Resagos,Ativo,Rep 1,
2025-12,Colaborador_4498,Recebimento,Desligado,Rep 1,Proposta Melhor
2025-12,Colaborador_9315,Pique (Esforço),Desligado,Rep 1,Baixo Desempenho
2025-12,Colaborador_8592,Pique (Esforço),Desligado,Rep 1,Falta de Adaptação
2025-12,Colaborador_3777,Pique (Esforço),Desligado,Rep 1,Baixo Desempenho
2025-12,Colaborador_1303,Packing Resagos,Desligado,Rep 1,Carga Horária
2025-12,Colaborador_3040,Packing Resagos,Desligado,Rep 1,Proposta Melhor
2025-12,Colaborador_8857,Pique (Esforço),Desligado,Rep 1,Baixo Desempenho
2025-12,Colaborador_2500,Pique (Esforço),Desligado,Rep 1,Falta de Adaptação
2025-12,Colaborador_2573,Pique (Esforço),Desligado,Rep 1,Carga Horária
2025-12,Colaborador_4432,Packing Resagos,Desligado,Rep 1,Baixo Desempenho
2025-12,Colaborador_7410,Expedição,Ativo,Rep 1,
2025-12,Colaborador_2262,Packing Resagos,Desligado,Rep 1,Carga Horária
2025-12,Colaborador_2180,Recebimento,Desligado,Rep 1,Falta de Adaptação
2025-12,Colaborador_9170,Packing Resagos,Desligado,Rep 1,Carga Horária
2025-12,Colaborador_2550,Packing Resagos,Ativo,Rep 1,
2025-12,Colaborador_4476,Expedição,Desligado,Rep 1,Carga Horária
2025-12,Colaborador_3949,Pique (Esforço),Desligado,Rep 1,Baixo Desempenho
2025-12,Colaborador_5333,Pique (Esforço),Desligado,Rep 1,Proposta Melhor
2025-12,Colaborador_6681,Pique (Esforço),Desligado,Rep 1,Proposta Melhor
2025-12,Colaborador_4942,Pique (Esforço),Desligado,Rep 1,Proposta Melhor
2025-12,Colaborador_4336,Pique (Esforço),Desligado,Rep 1,Proposta Melhor
2025-12,Colaborador_8666,Pique (Esforço),Desligado,Rep 1,Carga Horária
2025-12,Colaborador_1879,Expedição,Ativo,Rep 1,
2025-12,Colaborador_8996,Recebimento,Desligado,Rep 1,Proposta Melhor
2025-12,Colaborador_8333,Expedição,Desligado,Rep 1,Falta de Adaptação
2025-12,Colaborador_3765,Packing Resagos,Desligado,Rep 1,Proposta Melhor
2025-12,Colaborador_7059,Pique (Esforço),Desligado,Rep 1,Carga Horária
2025-12,Colaborador_9215,Pique (Esforço),Desligado,Rep 1,Baixo Desempenho
2025-12,Colaborador_1439,Pique (Esforço),Desligado,Rep 1,Proposta Melhor
2025-12,Colaborador_1559,Pique (Esforço),Desligado,Rep 1,Baixo Desempenho
2025-12,Colaborador_8109,Expedição,Desligado,Rep 1,Baixo Desempenho
2025-12,Colaborador_8428,Pique (Esforço),Desligado,Rep 1,Carga Horária
2025-12,Colaborador_1920,Pique (Esforço),Desligado,Rep 1,Proposta Melhor
2025-12,Colaborador_9455,Pique (Esforço),Desligado,Rep 1,Proposta Melhor
2025-12,Colaborador_1580,Pique (Esforço),Desligado,Rep 1,Baixo Desempenho
2025-12,Colaborador_3076,Pique (Esforço),Desligado,Rep 1,Carga Horária
2025-12,Colaborador_7531,Recebimento,Desligado,Rep 1,Baixo Desempenho
2025-12,Colaborador_3023,Packing Resagos,Desligado,Rep 1,Proposta Melhor
2025-12,Colaborador_9519,Pique (Esforço),Desligado,Rep 1,Proposta Melhor
2025-12,Colaborador_1204,Pique (Esforço),Desligado,Rep 1,Carga Horária
2025-12,Colaborador_8141,Pique (Esforço),Desligado,Rep 1,Carga Horária
2025-12,Colaborador_2276,Pique (Esforço),Desligado,Rep 1,Baixo Desempenho
2025-12,Colaborador_3630,Pique (Esforço),Desligado,Rep 1,Falta de Adaptação
2025-12,Colaborador_5362,Recebimento,Ativo,Rep 1,
2025-12,Colaborador_7174,Pique (Esforço),Desligado,Rep 1,Baixo Desempenho
2025-12,Colaborador_1264,Expedição,Desligado,Rep 1,Proposta Melhor
2025-12,Colaborador_1438,Packing Resagos,Ativo,Rep 1,
2025-12,Colaborador_5653,Packing Resagos,Ativo,Rep 1,
2025-12,Colaborador_3766,Expedição,Ativo,Rep 1,
2025-12,Colaborador_5656,Pique (Esforço),Desligado,Rep 1,Proposta Melhor
2025-12,Colaborador_2673,Packing Resagos,Desligado,Rep 1,Falta de Adaptação
2025-12,Colaborador_8055,Pique (Esforço),Desligado,Rep 1,Carga Horária
2025-12,Colaborador_8007,Recebimento,Desligado,Rep 1,Carga Horária
2025-12,Colaborador_3297,Pique (Esforço),Desligado,Rep 1,Carga Horária
2025-12,Colaborador_9525,Recebimento,Desligado,Rep 1,Carga Horária
2025-12,Colaborador_2823,Expedição,Desligado,Rep 1,Falta de Adaptação
2025-12,Colaborador_3870,Pique (Esforço),Desligado,Rep 1,Baixo Desempenho
2025-12,Colaborador_8831,Packing Resagos,Desligado,Rep 1,Falta de Adaptação
2025-12,Colaborador_9898,Packing Resagos,Ativo,Rep 1,
2025-12,Colaborador_7056,Recebimento,Ativo,Rep 1,
2025-12,Colaborador_4556,Pique (Esforço),Desligado,Rep 1,Proposta Melhor
2025-12,Colaborador_5134,Expedição,Desligado,Rep 1,Baixo Desempenho
2025-12,Colaborador_2030,Expedição,Desligado,Rep 1,Proposta Melhor
2025-12,Colaborador_7626,Pique (Esforço),Desligado,Rep 1,Carga Horária
2025-12,Colaborador_6667,Packing Resagos,Desligado,Rep 1,Falta de Adaptação
2025-12,Colaborador_6474,Pique (Esforço),Desligado,Rep 1,Falta de Adaptação
2025-12,Colaborador_3543,Packing Resagos,Desligado,Rep 1,Proposta Melhor
2025-12,Colaborador_6760,Packing Resagos,Desligado,Rep 1,Carga Horária
2025-12,Colaborador_3256,Pique (Esforço),Desligado,Rep 1,Baixo Desempenho
2025-12,Colaborador_5453,Pique (Esforço),Desligado,Rep 1,Proposta Melhor
2025-12,Colaborador_1337,Expedição,Desligado,Rep 1,Carga Horária
2025-12,Colaborador_6689,Expedição,Desligado,Rep 1,Baixo Desempenho
2025-12,Colaborador_4759,Recebimento,Ativo,Rep 1,
2025-12,Colaborador_1833,Pique (Esforço),Desligado,Rep 1,Carga Horária
2025-12,Colaborador_8147,Packing Resagos,Desligado,Rep 1,Baixo Desempenho
2025-12,Colaborador_2229,Packing Resagos,Ativo,Rep 1,
2025-12,Colaborador_3757,Pique (Esforço),Desligado,Rep 1,Carga Horária
2025-12,Colaborador_4490,Packing Resagos,Ativo,Rep 1,
2025-12,Colaborador_2844,Recebimento,Desligado,Rep 1,Proposta Melhor
2025-12,Colaborador_4092,Pique (Esforço),Desligado,Rep 1,Falta de Adaptação
2025-12,Colaborador_8343,Packing Resagos,Ativo,Rep 1,
2025-12,Colaborador_5995,Expedição,Desligado,Rep 1,Baixo Desempenho
2025-12,Colaborador_7461,Pique (Esforço),Desligado,Rep 1,Falta de Adaptação
2025-12,Colaborador_1999,Expedição,Desligado,Rep 1,Carga Horária
2025-12,Colaborador_7317,Packing Resagos,Desligado,Rep 1,Proposta Melhor
2025-12,Colaborador_2498,Packing Resagos,Desligado,Rep 1,Baixo Desempenho
2025-12,Colaborador_6427,Expedição,Desligado,Rep 1,Baixo Desempenho
2025-12,Colaborador_6725,Expedição,Desligado,Rep 1,Proposta Melhor
2025-12,Colaborador_6366,Packing Resagos,Desligado,Rep 1,Carga Horária
2025-12,Colaborador_6470,Pique (Esforço),Desligado,Rep 1,Carga Horária
2025-12,Colaborador_6532,Expedição,Ativo,Rep 1,
2025-12,Colaborador_4822,Pique (Esforço),Desligado,Rep 1,Carga Horária
2025-12,Colaborador_3988,Packing Resagos,Ativo,Rep 1,
2025-12,Colaborador_1101,Expedição,Ativo,Rep 1,
2025-12,Colaborador_9863,Pique (Esforço),Desligado,Rep 1,Proposta Melhor
2025-12,Colaborador_7266,Packing Resagos,Desligado,Rep 1,Falta de Adaptação
2025-12,Colaborador_1766,Pique (Esforço),Desligado,Rep 1,Carga Horária
2025-12,Colaborador_7576,Expedição,Desligado,Rep 1,Falta de Adaptação
2025-12,Colaborador_4578,Packing Resagos,Desligado,Rep 1,Proposta Melhor
2025-12,Colaborador_3511,Pique (Esforço),Ativo,Rep 1,
2025-12,Colaborador_5492,Packing Resagos,Desligado,Rep 1,Proposta Melhor
2025-12,Colaborador_8399,Expedição,Ativo,Rep 1,
2025-12,Colaborador_1770,Packing Resagos,Desligado,Rep 1,Falta de Adaptação
2025-12,Colaborador_7557,Packing Resagos,Ativo,Rep 1,
2025-12,Colaborador_4259,Packing Resagos,Desligado,Rep 1,Baixo Desempenho
2025-12,Colaborador_1685,Packing Resagos,Desligado,Rep 1,Baixo Desempenho
2025-12,Colaborador_8063,Packing Resagos,Ativo,Rep 1,
2025-12,Colaborador_3669,Packing Resagos,Desligado,Rep 1,Proposta Melhor
2025-12,Colaborador_5719,Pique (Esforço),Desligado,Rep 1,Carga Horária
2025-12,Colaborador_1680,Packing Resagos,Desligado,Rep 1,Falta de Adaptação
2025-12,Colaborador_6178,Pique (Esforço),Ativo,Rep 1,
2025-12,Colaborador_5898,Pique (Esforço),Desligado,Rep 1,Proposta Melhor
2025-12,Colaborador_5603,Pique (Esforço),Desligado,Rep 1,Carga Horária
2025-12,Colaborador_6580,Recebimento,Ativo,Rep 1,
2025-12,Colaborador_8628,Recebimento,Ativo,Rep 1,
2025-12,Colaborador_9378,Recebimento,Desligado,Rep 1,Falta de Adaptação
2025-12,Colaborador_6325,Pique (Esforço),Desligado,Rep 1,Proposta Melhor
2025-12,Colaborador_8972,Recebimento,Ativo,Rep 1,
2025-12,Colaborador_5516,Pique (Esforço),Desligado,Rep 1,Carga Horária
